,C
0,LOC_Os01g01170.1.MSUv7.0
1,LOC_Os01g01369.1.MSUv7.0
2,LOC_Os01g01650.1.MSUv7.0
3,LOC_Os01g01660.1.MSUv7.0
4,LOC_Os01g02150.1.MSUv7.0
5,LOC_Os01g02500.1.MSUv7.0
6,LOC_Os01g02720.1.MSUv7.0
7,LOC_Os01g02720.2.MSUv7.0
8,LOC_Os01g02910.1.MSUv7.0
9,LOC_Os01g03110.1.MSUv7.0
10,LOC_Os01g03310.1.MSUv7.0
11,LOC_Os01g03340.1.MSUv7.0
12,LOC_Os01g03360.1.MSUv7.0
13,LOC_Os01g03620.1.MSUv7.0
14,LOC_Os01g03680.1.MSUv7.0
15,LOC_Os01g03980.1.MSUv7.0
16,LOC_Os01g04020.1.MSUv7.0
17,LOC_Os01g04020.2.MSUv7.0
18,LOC_Os01g04050.1.MSUv7.0
19,LOC_Os01g04260.1.MSUv7.0
20,LOC_Os01g04350.1.MSUv7.0
21,LOC_Os01g04710.1.MSUv7.0
22,LOC_Os01g04730.1.MSUv7.0
23,LOC_Os01g04814.1.MSUv7.0
24,LOC_Os01g04814.3.MSUv7.0
25,LOC_Os01g04814.4.MSUv7.0
26,LOC_Os01g05490.1.MSUv7.0
27,LOC_Os01g05490.2.MSUv7.0
28,LOC_Os01g05610.1.MSUv7.0
29,LOC_Os01g05630.1.MSUv7.0
30,LOC_Os01g05650.1.MSUv7.0
31,LOC_Os01g05970.1.MSUv7.0
32,LOC_Os01g06010.1.MSUv7.0
33,LOC_Os01g06640.1.MSUv7.0
34,LOC_Os01g06640.3.MSUv7.0
35,LOC_Os01g06640.2.MSUv7.0
36,LOC_Os01g07060.1.MSUv7.0
37,LOC_Os01g07500.1.MSUv7.0
38,LOC_Os01g08260.2.MSUv7.0
39,LOC_Os01g08260.1.MSUv7.0
40,LOC_Os01g08270.1.MSUv7.0
41,LOC_Os01g08270.4.MSUv7.0
42,LOC_Os01g08410.1.MSUv7.0
43,LOC_Os01g08470.1.MSUv7.0
44,LOC_Os01g08660.1.MSUv7.0
45,LOC_Os01g09010.1.MSUv7.0
46,LOC_Os01g09120.1.MSUv7.0
47,LOC_Os01g09120.2.MSUv7.0
48,LOC_Os01g09200.1.MSUv7.0
49,LOC_Os01g09320.1.MSUv7.0
50,LOC_Os01g09430.1.MSUv7.0
51,LOC_Os01g09620.1.MSUv7.0
52,LOC_Os01g09620.2.MSUv7.0
53,LOC_Os01g09790.1.MSUv7.0
54,LOC_Os01g09830.1.MSUv7.0
55,LOC_Os01g09890.1.MSUv7.0
56,LOC_Os01g10050.2.MSUv7.0
57,LOC_Os01g10050.1.MSUv7.0
58,LOC_Os01g10070.1.MSUv7.0
59,LOC_Os01g10080.2.MSUv7.0
60,LOC_Os01g10490.1.MSUv7.0
61,LOC_Os01g11150.1.MSUv7.0
62,LOC_Os01g11590.2.MSUv7.0
63,LOC_Os01g12090.1.MSUv7.0
64,LOC_Os01g12440.1.MSUv7.0
65,LOC_Os01g12660.1.MSUv7.0
66,LOC_Os01g13030.2.MSUv7.0
67,LOC_Os01g13030.1.MSUv7.0
68,LOC_Os01g13130.1.MSUv7.0
69,LOC_Os01g13210.1.MSUv7.0
70,LOC_Os01g13210.2.MSUv7.0
71,LOC_Os01g13560.1.MSUv7.0
72,LOC_Os01g13700.1.MSUv7.0
73,LOC_Os01g13730.1.MSUv7.0
74,LOC_Os01g13760.1.MSUv7.0
75,LOC_Os01g14110.1.MSUv7.0
76,LOC_Os01g14410.1.MSUv7.0
77,LOC_Os01g14670.1.MSUv7.0
78,LOC_Os01g14720.1.MSUv7.0
79,LOC_Os01g14780.1.MSUv7.0
80,LOC_Os01g14820.1.MSUv7.0
81,LOC_Os01g14850.1.MSUv7.0
82,LOC_Os01g14960.1.MSUv7.0
83,LOC_Os01g15010.1.MSUv7.0
84,LOC_Os01g15110.1.MSUv7.0
85,LOC_Os01g15270.1.MSUv7.0
86,LOC_Os01g15290.2.MSUv7.0
87,LOC_Os01g15290.1.MSUv7.0
88,LOC_Os01g15320.1.MSUv7.0
89,LOC_Os01g16152.1.MSUv7.0
90,LOC_Os01g16250.1.MSUv7.0
91,LOC_Os01g16450.1.MSUv7.0
92,LOC_Os01g16650.1.MSUv7.0
93,LOC_Os01g16670.1.MSUv7.0
94,LOC_Os01g16950.1.MSUv7.0
95,LOC_Os01g17150.1.MSUv7.0
96,LOC_Os01g17170.1.MSUv7.0
97,LOC_Os01g17170.2.MSUv7.0
98,LOC_Os01g17190.1.MSUv7.0
99,LOC_Os01g18050.1.MSUv7.0
100,LOC_Os01g18110.1.MSUv7.0
101,LOC_Os01g18170.1.MSUv7.0
102,LOC_Os01g18640.1.MSUv7.0
103,LOC_Os01g18640.2.MSUv7.0
104,LOC_Os01g18660.1.MSUv7.0
105,LOC_Os01g18870.1.MSUv7.0
106,LOC_Os01g19020.1.MSUv7.0
107,LOC_Os01g19320.1.MSUv7.0
108,LOC_Os01g19740.1.MSUv7.0
109,LOC_Os01g19800.1.MSUv7.0
110,LOC_Os01g20780.1.MSUv7.0
111,LOC_Os01g21070.1.MSUv7.0
112,LOC_Os01g21120.1.MSUv7.0
113,LOC_Os01g21560.1.MSUv7.0
114,LOC_Os01g22230.1.MSUv7.0
115,LOC_Os01g22230.2.MSUv7.0
116,LOC_Os01g22352.1.MSUv7.0
117,LOC_Os01g22380.1.MSUv7.0
118,LOC_Os01g22490.1.MSUv7.0
119,LOC_Os01g23610.1.MSUv7.0
120,LOC_Os01g23610.2.MSUv7.0
121,LOC_Os01g24764.1.MSUv7.0
122,LOC_Os01g25880.1.MSUv7.0
123,LOC_Os01g26920.1.MSUv7.0
124,LOC_Os01g27020.1.MSUv7.0
125,LOC_Os01g27020.2.MSUv7.0
126,LOC_Os01g27020.3.MSUv7.0
127,LOC_Os01g27020.4.MSUv7.0
128,LOC_Os01g27020.5.MSUv7.0
129,LOC_Os01g27390.1.MSUv7.0
130,LOC_Os01g27990.2.MSUv7.0
131,LOC_Os01g27990.1.MSUv7.0
132,LOC_Os01g29804.1.MSUv7.0
133,LOC_Os01g29804.2.MSUv7.0
134,LOC_Os01g29804.3.MSUv7.0
135,LOC_Os01g31690.1.MSUv7.0
136,LOC_Os01g31690.2.MSUv7.0
137,LOC_Os01g31800.1.MSUv7.0
138,LOC_Os01g32560.1.MSUv7.0
139,LOC_Os01g32660.3.MSUv7.0
140,LOC_Os01g32660.1.MSUv7.0
141,LOC_Os01g32660.2.MSUv7.0
142,LOC_Os01g32660.4.MSUv7.0
143,LOC_Os01g32660.5.MSUv7.0
144,LOC_Os01g32770.1.MSUv7.0
145,LOC_Os01g34560.1.MSUv7.0
146,LOC_Os01g34700.3.MSUv7.0
147,LOC_Os01g34700.1.MSUv7.0
148,LOC_Os01g34700.2.MSUv7.0
149,LOC_Os01g35789.1.MSUv7.0
150,LOC_Os01g35789.2.MSUv7.0
151,LOC_Os01g35789.3.MSUv7.0
152,LOC_Os01g36240.1.MSUv7.0
153,LOC_Os01g36460.1.MSUv7.0
154,LOC_Os01g36950.1.MSUv7.0
155,LOC_Os01g36950.2.MSUv7.0
156,LOC_Os01g36950.4.MSUv7.0
157,LOC_Os01g36950.3.MSUv7.0
158,LOC_Os01g37130.1.MSUv7.0
159,LOC_Os01g37130.2.MSUv7.0
160,LOC_Os01g37490.1.MSUv7.0
161,LOC_Os01g37560.2.MSUv7.0
162,LOC_Os01g37560.1.MSUv7.0
163,LOC_Os01g37560.3.MSUv7.0
164,LOC_Os01g37800.1.MSUv7.0
165,LOC_Os01g37950.1.MSUv7.0
166,LOC_Os01g37960.1.MSUv7.0
167,LOC_Os01g38490.1.MSUv7.0
168,LOC_Os01g38620.2.MSUv7.0
169,LOC_Os01g38620.1.MSUv7.0
170,LOC_Os01g38620.3.MSUv7.0
171,LOC_Os01g39600.1.MSUv7.0
172,LOC_Os01g39600.2.MSUv7.0
173,LOC_Os01g39790.2.MSUv7.0
174,LOC_Os01g39790.1.MSUv7.0
175,LOC_Os01g39890.1.MSUv7.0
176,LOC_Os01g40070.1.MSUv7.0
177,LOC_Os01g40840.2.MSUv7.0
178,LOC_Os01g40840.1.MSUv7.0
179,LOC_Os01g40860.1.MSUv7.0
180,LOC_Os01g41220.1.MSUv7.0
181,LOC_Os01g41220.2.MSUv7.0
182,LOC_Os01g41430.1.MSUv7.0
183,LOC_Os01g41450.1.MSUv7.0
184,LOC_Os01g41710.1.MSUv7.0
185,LOC_Os01g42520.1.MSUv7.0
186,LOC_Os01g42650.1.MSUv7.0
187,LOC_Os01g42970.1.MSUv7.0
188,LOC_Os01g42970.2.MSUv7.0
189,LOC_Os01g43090.1.MSUv7.0
190,LOC_Os01g43540.1.MSUv7.0
191,LOC_Os01g44069.1.MSUv7.0
192,LOC_Os01g44110.1.MSUv7.0
193,LOC_Os01g44960.1.MSUv7.0
194,LOC_Os01g45274.2.MSUv7.0
195,LOC_Os01g45274.1.MSUv7.0
196,LOC_Os01g45274.3.MSUv7.0
197,LOC_Os01g45274.4.MSUv7.0
198,LOC_Os01g45670.1.MSUv7.0
199,LOC_Os01g45730.1.MSUv7.0
200,LOC_Os01g45914.1.MSUv7.0
201,LOC_Os01g46070.1.MSUv7.0
202,LOC_Os01g46169.3.MSUv7.0
203,LOC_Os01g46926.2.MSUv7.0
204,LOC_Os01g46926.1.MSUv7.0
205,LOC_Os01g46980.1.MSUv7.0
206,LOC_Os01g47200.1.MSUv7.0
207,LOC_Os01g47330.1.MSUv7.0
208,LOC_Os01g47350.1.MSUv7.0
209,LOC_Os01g47780.1.MSUv7.0
210,LOC_Os01g48190.1.MSUv7.0
211,LOC_Os01g48190.3.MSUv7.0
212,LOC_Os01g48190.2.MSUv7.0
213,LOC_Os01g48320.1.MSUv7.0
214,LOC_Os01g48500.1.MSUv7.0
215,LOC_Os01g48810.1.MSUv7.0
216,LOC_Os01g48830.2.MSUv7.0
217,LOC_Os01g48830.3.MSUv7.0
218,LOC_Os01g48830.1.MSUv7.0
219,LOC_Os01g48930.1.MSUv7.0
220,LOC_Os01g48930.2.MSUv7.0
221,LOC_Os01g49000.1.MSUv7.0
222,LOC_Os01g49200.1.MSUv7.0
223,LOC_Os01g49290.1.MSUv7.0
224,LOC_Os01g49320.1.MSUv7.0
225,LOC_Os01g49410.1.MSUv7.0
226,LOC_Os01g49830.1.MSUv7.0
227,LOC_Os01g50030.1.MSUv7.0
228,LOC_Os01g50032.1.MSUv7.0
229,LOC_Os01g50420.1.MSUv7.0
230,LOC_Os01g50910.1.MSUv7.0
231,LOC_Os01g50960.1.MSUv7.0
232,LOC_Os01g51280.1.MSUv7.0
233,LOC_Os01g51280.2.MSUv7.0
234,LOC_Os01g51570.1.MSUv7.0
235,LOC_Os01g52010.1.MSUv7.0
236,LOC_Os01g52050.1.MSUv7.0
237,LOC_Os01g52250.6.MSUv7.0
238,LOC_Os01g52240.1.MSUv7.0
239,LOC_Os01g52250.3.MSUv7.0
240,LOC_Os01g52260.1.MSUv7.0
241,LOC_Os01g52390.1.MSUv7.0
242,LOC_Os01g52690.1.MSUv7.0
243,LOC_Os01g52740.1.MSUv7.0
244,LOC_Os01g52760.1.MSUv7.0
245,LOC_Os01g52780.1.MSUv7.0
246,LOC_Os01g52920.1.MSUv7.0
247,LOC_Os01g53240.1.MSUv7.0
248,LOC_Os01g53330.1.MSUv7.0
249,LOC_Os01g53520.1.MSUv7.0
250,LOC_Os01g53520.2.MSUv7.0
251,LOC_Os01g53880.1.MSUv7.0
252,LOC_Os01g53880.2.MSUv7.0
253,LOC_Os01g53880.3.MSUv7.0
254,LOC_Os01g53880.4.MSUv7.0
255,LOC_Os01g53880.5.MSUv7.0
256,LOC_Os01g53880.6.MSUv7.0
257,LOC_Os01g53880.7.MSUv7.0
258,LOC_Os01g54050.1.MSUv7.0
259,LOC_Os01g54340.1.MSUv7.0
260,LOC_Os01g54400.1.MSUv7.0
261,LOC_Os01g54560.1.MSUv7.0
262,LOC_Os01g54560.2.MSUv7.0
263,LOC_Os01g54560.3.MSUv7.0
264,LOC_Os01g54870.1.MSUv7.0
265,LOC_Os01g54890.1.MSUv7.0
266,LOC_Os01g55220.1.MSUv7.0
267,LOC_Os01g55420.1.MSUv7.0
268,LOC_Os01g55770.1.MSUv7.0
269,LOC_Os01g55799.1.MSUv7.0
270,LOC_Os01g55830.1.MSUv7.0
271,LOC_Os01g56200.1.MSUv7.0
272,LOC_Os01g56200.2.MSUv7.0
273,LOC_Os01g56300.1.MSUv7.0
274,LOC_Os01g56580.1.MSUv7.0
275,LOC_Os01g56580.2.MSUv7.0
276,LOC_Os01g56670.2.MSUv7.0
277,LOC_Os01g56670.1.MSUv7.0
278,LOC_Os01g56670.3.MSUv7.0
279,LOC_Os01g56670.4.MSUv7.0
280,LOC_Os01g56680.2.MSUv7.0
281,LOC_Os01g56680.1.MSUv7.0
282,LOC_Os01g56850.1.MSUv7.0
283,LOC_Os01g57250.1.MSUv7.0
284,LOC_Os01g57370.1.MSUv7.0
285,LOC_Os01g57500.1.MSUv7.0
286,LOC_Os01g57610.1.MSUv7.0
287,LOC_Os01g58048.1.MSUv7.0
288,LOC_Os01g58420.1.MSUv7.0
289,LOC_Os01g58550.2.MSUv7.0
290,LOC_Os01g58550.1.MSUv7.0
291,LOC_Os01g58580.1.MSUv7.0
292,LOC_Os01g59350.1.MSUv7.0
293,LOC_Os01g59350.2.MSUv7.0
294,LOC_Os01g59440.2.MSUv7.0
295,LOC_Os01g59440.1.MSUv7.0
296,LOC_Os01g59440.3.MSUv7.0
297,LOC_Os01g59740.1.MSUv7.0
298,LOC_Os01g59870.1.MSUv7.0
299,LOC_Os01g59990.1.MSUv7.0
300,LOC_Os01g59990.2.MSUv7.0
301,LOC_Os01g60200.1.MSUv7.0
302,LOC_Os01g60740.1.MSUv7.0
303,LOC_Os01g60790.1.MSUv7.0
304,LOC_Os01g61170.1.MSUv7.0
305,LOC_Os01g61320.1.MSUv7.0
306,LOC_Os01g61500.1.MSUv7.0
307,LOC_Os01g61500.2.MSUv7.0
308,LOC_Os01g61814.1.MSUv7.0
309,LOC_Os01g61920.1.MSUv7.0
310,LOC_Os01g61970.1.MSUv7.0
311,LOC_Os01g61970.2.MSUv7.0
312,LOC_Os01g62260.1.MSUv7.0
313,LOC_Os01g62370.1.MSUv7.0
314,LOC_Os01g62370.2.MSUv7.0
315,LOC_Os01g62480.1.MSUv7.0
316,LOC_Os01g62510.1.MSUv7.0
317,LOC_Os01g62514.1.MSUv7.0
318,LOC_Os01g62760.1.MSUv7.0
319,LOC_Os01g63050.1.MSUv7.0
320,LOC_Os01g63444.2.MSUv7.0
321,LOC_Os01g63444.1.MSUv7.0
322,LOC_Os01g63690.1.MSUv7.0
323,LOC_Os01g64030.1.MSUv7.0
324,LOC_Os01g64030.2.MSUv7.0
325,LOC_Os01g64030.3.MSUv7.0
326,LOC_Os01g64030.4.MSUv7.0
327,LOC_Os01g64170.3.MSUv7.0
328,LOC_Os01g64170.1.MSUv7.0
329,LOC_Os01g64170.2.MSUv7.0
330,LOC_Os01g64170.4.MSUv7.0
331,LOC_Os01g64180.3.MSUv7.0
332,LOC_Os01g64180.2.MSUv7.0
333,LOC_Os01g64960.1.MSUv7.0
334,LOC_Os01g64960.2.MSUv7.0
335,LOC_Os01g64970.1.MSUv7.0
336,LOC_Os01g65130.1.MSUv7.0
337,LOC_Os01g65140.1.MSUv7.0
338,LOC_Os01g65210.1.MSUv7.0
339,LOC_Os01g65530.1.MSUv7.0
340,LOC_Os01g65692.1.MSUv7.0
341,LOC_Os01g66120.3.MSUv7.0
342,LOC_Os01g66120.1.MSUv7.0
343,LOC_Os01g66580.1.MSUv7.0
344,LOC_Os01g66940.1.MSUv7.0
345,LOC_Os01g67000.1.MSUv7.0
346,LOC_Os01g67090.1.MSUv7.0
347,LOC_Os01g67134.1.MSUv7.0
348,LOC_Os01g67740.1.MSUv7.0
349,LOC_Os01g67860.1.MSUv7.0
350,LOC_Os01g67910.1.MSUv7.0
351,LOC_Os01g67960.1.MSUv7.0
352,LOC_Os01g68020.1.MSUv7.0
353,LOC_Os01g68589.1.MSUv7.0
354,LOC_Os01g68700.1.MSUv7.0
355,LOC_Os01g68700.2.MSUv7.0
356,LOC_Os01g68740.1.MSUv7.0
357,LOC_Os01g68790.1.MSUv7.0
358,LOC_Os01g68790.2.MSUv7.0
359,LOC_Os01g68790.4.MSUv7.0
360,LOC_Os01g68790.3.MSUv7.0
361,LOC_Os01g68950.1.MSUv7.0
362,LOC_Os01g69270.1.MSUv7.0
363,LOC_Os01g69990.1.MSUv7.0
364,LOC_Os01g70140.1.MSUv7.0
365,LOC_Os01g70560.1.MSUv7.0
366,LOC_Os01g70670.1.MSUv7.0
367,LOC_Os01g70670.2.MSUv7.0
368,LOC_Os01g70740.1.MSUv7.0
369,LOC_Os01g70790.1.MSUv7.0
370,LOC_Os01g70850.1.MSUv7.0
371,LOC_Os01g70850.2.MSUv7.0
372,LOC_Os01g71190.1.MSUv7.0
373,LOC_Os01g71330.1.MSUv7.0
374,LOC_Os01g71830.1.MSUv7.0
375,LOC_Os01g71970.1.MSUv7.0
376,LOC_Os01g72080.1.MSUv7.0
377,LOC_Os01g72240.1.MSUv7.0
378,LOC_Os01g72290.1.MSUv7.0
379,LOC_Os01g72370.3.MSUv7.0
380,LOC_Os01g72370.1.MSUv7.0
381,LOC_Os01g72370.2.MSUv7.0
382,LOC_Os01g72790.1.MSUv7.0
383,LOC_Os01g72860.1.MSUv7.0
384,LOC_Os01g72890.1.MSUv7.0
385,LOC_Os01g72890.2.MSUv7.0
386,LOC_Os01g73160.1.MSUv7.0
387,LOC_Os01g73420.1.MSUv7.0
388,LOC_Os01g73470.1.MSUv7.0
389,LOC_Os01g73840.1.MSUv7.0
390,LOC_Os01g73980.1.MSUv7.0
391,LOC_Os01g73980.2.MSUv7.0
392,LOC_Os01g74020.1.MSUv7.0
393,LOC_Os01g74640.2.MSUv7.0
394,LOC_Os01g74640.1.MSUv7.0
395,LOC_Os01g74640.3.MSUv7.0
396,LOC_Os01g74660.1.MSUv7.0
397,LOC_Os10g01134.1.MSUv7.0
398,LOC_Os10g01134.2.MSUv7.0
399,LOC_Os10g01844.1.MSUv7.0
400,LOC_Os10g01920.1.MSUv7.0
401,LOC_Os10g02770.1.MSUv7.0
402,LOC_Os10g05530.2.MSUv7.0
403,LOC_Os10g05530.3.MSUv7.0
404,LOC_Os10g05530.1.MSUv7.0
405,LOC_Os10g05680.2.MSUv7.0
406,LOC_Os10g05680.1.MSUv7.0
407,LOC_Os10g05970.1.MSUv7.0
408,LOC_Os10g05970.2.MSUv7.0
409,LOC_Os10g05980.1.MSUv7.0
410,LOC_Os10g06000.1.MSUv7.0
411,LOC_Os10g06130.1.MSUv7.0
412,LOC_Os10g06130.2.MSUv7.0
413,LOC_Os10g06130.3.MSUv7.0
414,LOC_Os10g06130.4.MSUv7.0
415,LOC_Os10g06130.5.MSUv7.0
416,LOC_Os10g06580.1.MSUv7.0
417,LOC_Os10g07080.1.MSUv7.0
418,LOC_Os10g08550.1.MSUv7.0
419,LOC_Os10g08550.5.MSUv7.0
420,LOC_Os10g08550.3.MSUv7.0
421,LOC_Os10g09000.1.MSUv7.0
422,LOC_Os10g09870.1.MSUv7.0
423,LOC_Os10g09930.1.MSUv7.0
424,LOC_Os10g11500.1.MSUv7.0
425,LOC_Os10g11980.1.MSUv7.0
426,LOC_Os10g13800.2.MSUv7.0
427,LOC_Os10g13800.1.MSUv7.0
428,LOC_Os10g17454.1.MSUv7.0
429,LOC_Os10g17454.2.MSUv7.0
430,LOC_Os10g17454.3.MSUv7.0
431,LOC_Os10g18340.1.MSUv7.0
432,LOC_Os10g18340.2.MSUv7.0
433,LOC_Os10g20230.1.MSUv7.0
434,LOC_Os10g20650.1.MSUv7.0
435,LOC_Os10g20650.2.MSUv7.0
436,LOC_Os10g21670.1.MSUv7.0
437,LOC_Os10g22590.1.MSUv7.0
438,LOC_Os10g22630.2.MSUv7.0
439,LOC_Os10g22630.1.MSUv7.0
440,LOC_Os10g23100.1.MSUv7.0
441,LOC_Os10g25674.2.MSUv7.0
442,LOC_Os10g25674.1.MSUv7.0
443,LOC_Os10g26340.1.MSUv7.0
444,LOC_Os10g26850.1.MSUv7.0
445,LOC_Os10g27050.1.MSUv7.0
446,LOC_Os10g27190.1.MSUv7.0
447,LOC_Os10g27310.1.MSUv7.0
448,LOC_Os10g28060.1.MSUv7.0
449,LOC_Os10g28120.1.MSUv7.0
450,LOC_Os10g28230.1.MSUv7.0
451,LOC_Os10g30150.1.MSUv7.0
452,LOC_Os10g30150.2.MSUv7.0
453,LOC_Os10g30790.1.MSUv7.0
454,LOC_Os10g30790.2.MSUv7.0
455,LOC_Os10g31660.1.MSUv7.0
456,LOC_Os10g31680.1.MSUv7.0
457,LOC_Os10g31710.1.MSUv7.0
458,LOC_Os10g31720.1.MSUv7.0
459,LOC_Os10g32520.1.MSUv7.0
460,LOC_Os10g32520.4.MSUv7.0
461,LOC_Os10g32520.3.MSUv7.0
462,LOC_Os10g32520.2.MSUv7.0
463,LOC_Os10g32810.1.MSUv7.0
464,LOC_Os10g32820.1.MSUv7.0
465,LOC_Os10g33270.1.MSUv7.0
466,LOC_Os10g33620.1.MSUv7.0
467,LOC_Os10g33760.1.MSUv7.0
468,LOC_Os10g33800.2.MSUv7.0
469,LOC_Os10g33800.1.MSUv7.0
470,LOC_Os10g33800.3.MSUv7.0
471,LOC_Os10g34370.1.MSUv7.0
472,LOC_Os10g34660.1.MSUv7.0
473,LOC_Os10g34795.1.MSUv7.0
474,LOC_Os10g35100.1.MSUv7.0
475,LOC_Os10g35130.1.MSUv7.0
476,LOC_Os10g35140.1.MSUv7.0
477,LOC_Os10g35520.1.MSUv7.0
478,LOC_Os10g35570.1.MSUv7.0
479,LOC_Os10g35630.1.MSUv7.0
480,LOC_Os10g35630.2.MSUv7.0
481,LOC_Os10g35720.1.MSUv7.0
482,LOC_Os10g35720.2.MSUv7.0
483,LOC_Os10g35770.1.MSUv7.0
484,LOC_Os10g35770.2.MSUv7.0
485,LOC_Os10g35770.3.MSUv7.0
486,LOC_Os10g35870.1.MSUv7.0
487,LOC_Os10g35950.1.MSUv7.0
488,LOC_Os10g36000.1.MSUv7.0
489,LOC_Os10g36000.2.MSUv7.0
490,LOC_Os10g36000.3.MSUv7.0
491,LOC_Os10g36170.1.MSUv7.0
492,LOC_Os10g36340.2.MSUv7.0
493,LOC_Os10g36500.1.MSUv7.0
494,LOC_Os10g36500.2.MSUv7.0
495,LOC_Os10g36950.1.MSUv7.0
496,LOC_Os10g37180.1.MSUv7.0
497,LOC_Os10g37190.1.MSUv7.0
498,LOC_Os10g37290.1.MSUv7.0
499,LOC_Os10g37770.1.MSUv7.0
500,LOC_Os10g37899.1.MSUv7.0
501,LOC_Os10g38080.1.MSUv7.0
502,LOC_Os10g38160.1.MSUv7.0
503,LOC_Os10g38340.1.MSUv7.0
504,LOC_Os10g38350.1.MSUv7.0
505,LOC_Os10g38470.1.MSUv7.0
506,LOC_Os10g38489.1.MSUv7.0
507,LOC_Os10g38580.1.MSUv7.0
508,LOC_Os10g38600.1.MSUv7.0
509,LOC_Os10g38630.2.MSUv7.0
510,LOC_Os10g38630.1.MSUv7.0
511,LOC_Os10g38640.1.MSUv7.0
512,LOC_Os10g38690.1.MSUv7.0
513,LOC_Os10g38700.1.MSUv7.0
514,LOC_Os10g38710.1.MSUv7.0
515,LOC_Os10g38780.1.MSUv7.0
516,LOC_Os10g38970.1.MSUv7.0
517,LOC_Os10g39140.1.MSUv7.0
518,LOC_Os10g39140.2.MSUv7.0
519,LOC_Os10g39140.3.MSUv7.0
520,LOC_Os10g39140.4.MSUv7.0
521,LOC_Os10g39150.1.MSUv7.0
522,LOC_Os10g39170.1.MSUv7.0
523,LOC_Os10g39200.1.MSUv7.0
524,LOC_Os10g39200.2.MSUv7.0
525,LOC_Os10g39200.3.MSUv7.0
526,LOC_Os10g39200.4.MSUv7.0
527,LOC_Os10g39410.1.MSUv7.0
528,LOC_Os10g39450.1.MSUv7.0
529,LOC_Os10g39470.1.MSUv7.0
530,LOC_Os10g39470.2.MSUv7.0
531,LOC_Os10g39810.1.MSUv7.0
532,LOC_Os10g39810.2.MSUv7.0
533,LOC_Os10g39820.1.MSUv7.0
534,LOC_Os10g39840.1.MSUv7.0
535,LOC_Os10g40070.1.MSUv7.0
536,LOC_Os10g40430.1.MSUv7.0
537,LOC_Os10g40510.1.MSUv7.0
538,LOC_Os10g40550.1.MSUv7.0
539,LOC_Os10g40550.2.MSUv7.0
540,LOC_Os10g40555.1.MSUv7.0
541,LOC_Os10g40640.1.MSUv7.0
542,LOC_Os10g40710.1.MSUv7.0
543,LOC_Os10g40730.1.MSUv7.0
544,LOC_Os10g41050.1.MSUv7.0
545,LOC_Os10g41240.1.MSUv7.0
546,LOC_Os10g41240.2.MSUv7.0
547,LOC_Os10g41260.1.MSUv7.0
548,LOC_Os10g41360.1.MSUv7.0
549,LOC_Os10g41400.2.MSUv7.0
550,LOC_Os10g41400.1.MSUv7.0
551,LOC_Os10g41410.1.MSUv7.0
552,LOC_Os10g41410.2.MSUv7.0
553,LOC_Os10g41460.1.MSUv7.0
554,LOC_Os10g41470.1.MSUv7.0
555,LOC_Os10g41520.1.MSUv7.0
556,LOC_Os10g41520.2.MSUv7.0
557,LOC_Os10g41710.1.MSUv7.0
558,LOC_Os10g41850.1.MSUv7.0
559,LOC_Os10g42230.3.MSUv7.0
560,LOC_Os10g42230.2.MSUv7.0
561,LOC_Os10g42230.1.MSUv7.0
562,LOC_Os10g42280.1.MSUv7.0
563,LOC_Os10g42490.2.MSUv7.0
564,LOC_Os10g42490.1.MSUv7.0
565,LOC_Os10g42520.1.MSUv7.0
566,LOC_Os10g42620.1.MSUv7.0
567,LOC_Os10g42670.1.MSUv7.0
568,LOC_Os10g42790.1.MSUv7.0
569,LOC_Os10g43050.1.MSUv7.0
570,LOC_Os11g01170.1.MSUv7.0
571,LOC_Os11g02330.2.MSUv7.0
572,LOC_Os11g02330.1.MSUv7.0
573,LOC_Os11g02369.1.MSUv7.0
574,LOC_Os11g02389.1.MSUv7.0
575,LOC_Os11g02440.1.MSUv7.0
576,LOC_Os11g03130.1.MSUv7.0
577,LOC_Os11g03300.1.MSUv7.0
578,LOC_Os11g03300.2.MSUv7.0
579,LOC_Os11g03390.1.MSUv7.0
580,LOC_Os11g03390.2.MSUv7.0
581,LOC_Os11g03400.1.MSUv7.0
582,LOC_Os11g04104.3.MSUv7.0
583,LOC_Os11g04520.1.MSUv7.0
584,LOC_Os11g04520.2.MSUv7.0
585,LOC_Os11g04520.3.MSUv7.0
586,LOC_Os11g05010.2.MSUv7.0
587,LOC_Os11g05010.1.MSUv7.0
588,LOC_Os11g05010.3.MSUv7.0
589,LOC_Os11g05050.1.MSUv7.0
590,LOC_Os11g05380.1.MSUv7.0
591,LOC_Os11g05860.1.MSUv7.0
592,LOC_Os11g06390.1.MSUv7.0
593,LOC_Os11g06440.1.MSUv7.0
594,LOC_Os11g06720.1.MSUv7.0
595,LOC_Os11g06890.1.MSUv7.0
596,LOC_Os11g06890.2.MSUv7.0
597,LOC_Os11g07020.1.MSUv7.0
598,LOC_Os11g07020.4.MSUv7.0
599,LOC_Os11g07020.5.MSUv7.0
600,LOC_Os11g07020.6.MSUv7.0
601,LOC_Os11g07020.7.MSUv7.0
602,LOC_Os11g07460.1.MSUv7.0
603,LOC_Os11g07510.1.MSUv7.0
604,LOC_Os11g07580.1.MSUv7.0
605,LOC_Os11g07670.1.MSUv7.0
606,LOC_Os11g09280.1.MSUv7.0
607,LOC_Os11g09280.2.MSUv7.0
608,LOC_Os11g10070.1.MSUv7.0
609,LOC_Os11g10480.2.MSUv7.0
610,LOC_Os11g10480.1.MSUv7.0
611,LOC_Os11g10480.4.MSUv7.0
612,LOC_Os11g10510.2.MSUv7.0
613,LOC_Os11g10590.1.MSUv7.0
614,LOC_Os11g11000.2.MSUv7.0
615,LOC_Os11g11000.1.MSUv7.0
616,LOC_Os11g11000.3.MSUv7.0
617,LOC_Os11g11520.1.MSUv7.0
618,LOC_Os11g13570.1.MSUv7.0
619,LOC_Os11g13670.1.MSUv7.0
620,LOC_Os11g13850.2.MSUv7.0
621,LOC_Os11g13850.3.MSUv7.0
622,LOC_Os11g13850.1.MSUv7.0
623,LOC_Os11g13890.5.MSUv7.0
624,LOC_Os11g13890.1.MSUv7.0
625,LOC_Os11g13890.2.MSUv7.0
626,LOC_Os11g13890.4.MSUv7.0
627,LOC_Os11g13890.6.MSUv7.0
628,LOC_Os11g14120.1.MSUv7.0
629,LOC_Os11g14140.1.MSUv7.0
630,LOC_Os11g14220.1.MSUv7.0
631,LOC_Os11g14300.1.MSUv7.0
632,LOC_Os11g14430.1.MSUv7.0
633,LOC_Os11g14430.2.MSUv7.0
634,LOC_Os11g15000.1.MSUv7.0
635,LOC_Os11g16550.1.MSUv7.0
636,LOC_Os11g16924.1.MSUv7.0
637,LOC_Os11g16924.2.MSUv7.0
638,LOC_Os11g17290.2.MSUv7.0
639,LOC_Os11g17290.1.MSUv7.0
640,LOC_Os11g17290.3.MSUv7.0
641,LOC_Os11g17870.1.MSUv7.0
642,LOC_Os11g19149.1.MSUv7.0
643,LOC_Os11g19149.2.MSUv7.0
644,LOC_Os11g20330.1.MSUv7.0
645,LOC_Os11g20330.2.MSUv7.0
646,LOC_Os11g20790.1.MSUv7.0
647,LOC_Os11g21990.1.MSUv7.0
648,LOC_Os11g21990.2.MSUv7.0
649,LOC_Os11g24070.1.MSUv7.0
650,LOC_Os11g24120.1.MSUv7.0
651,LOC_Os11g24450.1.MSUv7.0
652,LOC_Os11g24610.1.MSUv7.0
653,LOC_Os11g26150.1.MSUv7.0
654,LOC_Os11g26780.1.MSUv7.0
655,LOC_Os11g26850.2.MSUv7.0
656,LOC_Os11g26850.3.MSUv7.0
657,LOC_Os11g26860.1.MSUv7.0
658,LOC_Os11g26910.1.MSUv7.0
659,LOC_Os11g28130.1.MSUv7.0
660,LOC_Os11g28270.2.MSUv7.0
661,LOC_Os11g28480.1.MSUv7.0
662,LOC_Os11g29680.1.MSUv7.0
663,LOC_Os11g29810.1.MSUv7.0
664,LOC_Os11g30410.1.MSUv7.0
665,LOC_Os11g30410.2.MSUv7.0
666,LOC_Os11g30410.3.MSUv7.0
667,LOC_Os11g31900.2.MSUv7.0
668,LOC_Os11g31900.3.MSUv7.0
669,LOC_Os11g31900.1.MSUv7.0
670,LOC_Os11g32280.1.MSUv7.0
671,LOC_Os11g32280.2.MSUv7.0
672,LOC_Os11g32650.1.MSUv7.0
673,LOC_Os11g34150.4.MSUv7.0
674,LOC_Os11g34150.1.MSUv7.0
675,LOC_Os11g34150.2.MSUv7.0
676,LOC_Os11g34150.3.MSUv7.0
677,LOC_Os11g34230.1.MSUv7.0
678,LOC_Os11g34230.3.MSUv7.0
679,LOC_Os11g34230.4.MSUv7.0
680,LOC_Os11g34790.1.MSUv7.0
681,LOC_Os11g36420.1.MSUv7.0
682,LOC_Os11g37190.1.MSUv7.0
683,LOC_Os11g37640.1.MSUv7.0
684,LOC_Os11g38590.1.MSUv7.0
685,LOC_Os11g38959.1.MSUv7.0
686,LOC_Os11g39209.1.MSUv7.0
687,LOC_Os11g40100.2.MSUv7.0
688,LOC_Os11g40100.1.MSUv7.0
689,LOC_Os11g40100.3.MSUv7.0
690,LOC_Os11g40510.1.MSUv7.0
691,LOC_Os11g40510.2.MSUv7.0
692,LOC_Os11g40610.2.MSUv7.0
693,LOC_Os11g40610.1.MSUv7.0
694,LOC_Os11g40610.5.MSUv7.0
695,LOC_Os11g40610.4.MSUv7.0
696,LOC_Os11g40610.3.MSUv7.0
697,LOC_Os11g42450.1.MSUv7.0
698,LOC_Os11g42500.1.MSUv7.0
699,LOC_Os11g42790.1.MSUv7.0
700,LOC_Os11g42960.1.MSUv7.0
701,LOC_Os11g43820.1.MSUv7.0
702,LOC_Os11g43895.1.MSUv7.0
703,LOC_Os11g43900.1.MSUv7.0
704,LOC_Os11g43900.2.MSUv7.0
705,LOC_Os11g44810.2.MSUv7.0
706,LOC_Os11g44810.3.MSUv7.0
707,LOC_Os11g44810.1.MSUv7.0
708,LOC_Os11g47120.1.MSUv7.0
709,LOC_Os11g47330.1.MSUv7.0
710,LOC_Os11g47730.2.MSUv7.0
711,LOC_Os11g47730.1.MSUv7.0
712,LOC_Os11g47760.1.MSUv7.0
713,LOC_Os11g47760.2.MSUv7.0
714,LOC_Os11g47760.3.MSUv7.0
715,LOC_Os11g47760.5.MSUv7.0
716,LOC_Os11g47760.6.MSUv7.0
717,LOC_Os11g47760.4.MSUv7.0
718,LOC_Os11g47809.1.MSUv7.0
719,LOC_Os11g47830.1.MSUv7.0
720,LOC_Os11g47830.2.MSUv7.0
721,LOC_Os11g48020.1.MSUv7.0
722,LOC_Os11g48040.1.MSUv7.0
723,LOC_Os12g01170.1.MSUv7.0
724,LOC_Os12g01390.1.MSUv7.0
725,LOC_Os12g01830.1.MSUv7.0
726,LOC_Os12g02310.1.MSUv7.0
727,LOC_Os12g02310.2.MSUv7.0
728,LOC_Os12g02320.1.MSUv7.0
729,LOC_Os12g02660.2.MSUv7.0
730,LOC_Os12g02660.5.MSUv7.0
731,LOC_Os12g02660.1.MSUv7.0
732,LOC_Os12g02660.4.MSUv7.0
733,LOC_Os12g02660.6.MSUv7.0
734,LOC_Os12g02660.7.MSUv7.0
735,LOC_Os12g02660.8.MSUv7.0
736,LOC_Os12g02660.3.MSUv7.0
737,LOC_Os12g02880.1.MSUv7.0
738,LOC_Os12g03040.1.MSUv7.0
739,LOC_Os12g03090.1.MSUv7.0
740,LOC_Os12g03700.1.MSUv7.0
741,LOC_Os12g03899.2.MSUv7.0
742,LOC_Os12g03899.3.MSUv7.0
743,LOC_Os12g03899.1.MSUv7.0
744,LOC_Os12g03899.4.MSUv7.0
745,LOC_Os12g05120.2.MSUv7.0
746,LOC_Os12g05120.1.MSUv7.0
747,LOC_Os12g05430.1.MSUv7.0
748,LOC_Os12g06150.1.MSUv7.0
749,LOC_Os12g06610.1.MSUv7.0
750,LOC_Os12g06910.1.MSUv7.0
751,LOC_Os12g06910.2.MSUv7.0
752,LOC_Os12g06980.1.MSUv7.0
753,LOC_Os12g07010.1.MSUv7.0
754,LOC_Os12g07140.1.MSUv7.0
755,LOC_Os12g07150.1.MSUv7.0
756,LOC_Os12g07150.2.MSUv7.0
757,LOC_Os12g07350.1.MSUv7.0
758,LOC_Os12g07670.1.MSUv7.0
759,LOC_Os12g07820.1.MSUv7.0
760,LOC_Os12g08090.1.MSUv7.0
761,LOC_Os12g08130.1.MSUv7.0
762,LOC_Os12g08270.1.MSUv7.0
763,LOC_Os12g08280.1.MSUv7.0
764,LOC_Os12g08760.1.MSUv7.0
765,LOC_Os12g08920.1.MSUv7.0
766,LOC_Os12g10320.1.MSUv7.0
767,LOC_Os12g10630.1.MSUv7.0
768,LOC_Os12g12360.1.MSUv7.0
769,LOC_Os12g12360.2.MSUv7.0
770,LOC_Os12g13320.1.MSUv7.0
771,LOC_Os12g16010.1.MSUv7.0
772,LOC_Os12g16350.1.MSUv7.0
773,LOC_Os12g17090.2.MSUv7.0
774,LOC_Os12g17090.1.MSUv7.0
775,LOC_Os12g17230.1.MSUv7.0
776,LOC_Os12g17600.1.MSUv7.0
777,LOC_Os12g17600.2.MSUv7.0
778,LOC_Os12g18860.1.MSUv7.0
779,LOC_Os12g19381.1.MSUv7.0
780,LOC_Os12g22145.1.MSUv7.0
781,LOC_Os12g22880.1.MSUv7.0
782,LOC_Os12g23200.1.MSUv7.0
783,LOC_Os12g23200.2.MSUv7.0
784,LOC_Os12g24084.1.MSUv7.0
785,LOC_Os12g25120.1.MSUv7.0
786,LOC_Os12g26044.1.MSUv7.0
787,LOC_Os12g26044.2.MSUv7.0
788,LOC_Os12g26044.3.MSUv7.0
789,LOC_Os12g26480.1.MSUv7.0
790,LOC_Os12g26480.2.MSUv7.0
791,LOC_Os12g26880.1.MSUv7.0
792,LOC_Os12g27994.1.MSUv7.0
793,LOC_Os12g27994.2.MSUv7.0
794,LOC_Os12g28015.1.MSUv7.0
795,LOC_Os12g28270.2.MSUv7.0
796,LOC_Os12g28270.1.MSUv7.0
797,LOC_Os12g29330.1.MSUv7.0
798,LOC_Os12g29874.1.MSUv7.0
799,LOC_Os12g31860.4.MSUv7.0
800,LOC_Os12g32580.1.MSUv7.0
801,LOC_Os12g32620.1.MSUv7.0
802,LOC_Os12g32950.1.MSUv7.0
803,LOC_Os12g32980.1.MSUv7.0
804,LOC_Os12g34440.1.MSUv7.0
805,LOC_Os12g34510.1.MSUv7.0
806,LOC_Os12g34880.1.MSUv7.0
807,LOC_Os12g35060.4.MSUv7.0
808,LOC_Os12g35320.1.MSUv7.0
809,LOC_Os12g35580.1.MSUv7.0
810,LOC_Os12g35580.2.MSUv7.0
811,LOC_Os12g35590.1.MSUv7.0
812,LOC_Os12g35670.1.MSUv7.0
813,LOC_Os12g36194.1.MSUv7.0
814,LOC_Os12g36240.1.MSUv7.0
815,LOC_Os12g36640.2.MSUv7.0
816,LOC_Os12g36640.1.MSUv7.0
817,LOC_Os12g36670.1.MSUv7.0
818,LOC_Os12g36850.1.MSUv7.0
819,LOC_Os12g36880.1.MSUv7.0
820,LOC_Os12g37430.1.MSUv7.0
821,LOC_Os12g37430.2.MSUv7.0
822,LOC_Os12g37430.3.MSUv7.0
823,LOC_Os12g37650.1.MSUv7.0
824,LOC_Os12g37910.2.MSUv7.0
825,LOC_Os12g37910.1.MSUv7.0
826,LOC_Os12g38000.1.MSUv7.0
827,LOC_Os12g38140.1.MSUv7.0
828,LOC_Os12g38150.1.MSUv7.0
829,LOC_Os12g38320.1.MSUv7.0
830,LOC_Os12g38360.1.MSUv7.0
831,LOC_Os12g38400.2.MSUv7.0
832,LOC_Os12g38640.1.MSUv7.0
833,LOC_Os12g38640.2.MSUv7.0
834,LOC_Os12g39640.1.MSUv7.0
835,LOC_Os12g39710.1.MSUv7.0
836,LOC_Os12g39860.1.MSUv7.0
837,LOC_Os12g39860.2.MSUv7.0
838,LOC_Os12g40840.2.MSUv7.0
839,LOC_Os12g40890.1.MSUv7.0
840,LOC_Os12g40900.1.MSUv7.0
841,LOC_Os12g41230.1.MSUv7.0
842,LOC_Os12g41230.2.MSUv7.0
843,LOC_Os12g41230.3.MSUv7.0
844,LOC_Os12g41430.1.MSUv7.0
845,LOC_Os12g41430.2.MSUv7.0
846,LOC_Os12g41430.3.MSUv7.0
847,LOC_Os12g41910.1.MSUv7.0
848,LOC_Os12g41910.2.MSUv7.0
849,LOC_Os12g42090.3.MSUv7.0
850,LOC_Os12g42090.1.MSUv7.0
851,LOC_Os12g42090.2.MSUv7.0
852,LOC_Os12g42190.1.MSUv7.0
853,LOC_Os12g42550.1.MSUv7.0
854,LOC_Os12g42550.2.MSUv7.0
855,LOC_Os12g42876.1.MSUv7.0
856,LOC_Os12g42884.2.MSUv7.0
857,LOC_Os12g42884.1.MSUv7.0
858,LOC_Os12g42884.3.MSUv7.0
859,LOC_Os12g42970.1.MSUv7.0
860,LOC_Os12g43490.1.MSUv7.0
861,LOC_Os12g43600.1.MSUv7.0
862,LOC_Os12g44110.2.MSUv7.0
863,LOC_Os02g01030.3.MSUv7.0
864,LOC_Os02g01030.1.MSUv7.0
865,LOC_Os02g01030.4.MSUv7.0
866,LOC_Os02g01030.2.MSUv7.0
867,LOC_Os02g01130.1.MSUv7.0
868,LOC_Os02g01220.1.MSUv7.0
869,LOC_Os02g01250.1.MSUv7.0
870,LOC_Os02g01510.1.MSUv7.0
871,LOC_Os02g01560.1.MSUv7.0
872,LOC_Os02g02170.1.MSUv7.0
873,LOC_Os02g02190.1.MSUv7.0
874,LOC_Os02g02400.1.MSUv7.0
875,LOC_Os02g02400.2.MSUv7.0
876,LOC_Os02g02400.3.MSUv7.0
877,LOC_Os02g02410.1.MSUv7.0
878,LOC_Os02g02500.1.MSUv7.0
879,LOC_Os02g02890.1.MSUv7.0
880,LOC_Os02g03040.1.MSUv7.0
881,LOC_Os02g03040.3.MSUv7.0
882,LOC_Os02g03040.4.MSUv7.0
883,LOC_Os02g03040.2.MSUv7.0
884,LOC_Os02g03270.1.MSUv7.0
885,LOC_Os02g03294.1.MSUv7.0
886,LOC_Os02g03410.1.MSUv7.0
887,LOC_Os02g03410.2.MSUv7.0
888,LOC_Os02g04100.1.MSUv7.0
889,LOC_Os02g04460.1.MSUv7.0
890,LOC_Os02g04520.2.MSUv7.0
891,LOC_Os02g04520.1.MSUv7.0
892,LOC_Os02g05620.1.MSUv7.0
893,LOC_Os02g05870.1.MSUv7.0
894,LOC_Os02g06330.1.MSUv7.0
895,LOC_Os02g06370.1.MSUv7.0
896,LOC_Os02g06640.1.MSUv7.0
897,LOC_Os02g06640.4.MSUv7.0
898,LOC_Os02g06640.3.MSUv7.0
899,LOC_Os02g06690.1.MSUv7.0
900,LOC_Os02g07030.2.MSUv7.0
901,LOC_Os02g07030.3.MSUv7.0
902,LOC_Os02g07030.1.MSUv7.0
903,LOC_Os02g07060.1.MSUv7.0
904,LOC_Os02g07490.1.MSUv7.0
905,LOC_Os02g07720.3.MSUv7.0
906,LOC_Os02g07720.2.MSUv7.0
907,LOC_Os02g07840.2.MSUv7.0
908,LOC_Os02g07910.2.MSUv7.0
909,LOC_Os02g07910.1.MSUv7.0
910,LOC_Os02g08100.1.MSUv7.0
911,LOC_Os02g08170.1.MSUv7.0
912,LOC_Os02g08420.1.MSUv7.0
913,LOC_Os02g08440.1.MSUv7.0
914,LOC_Os02g08440.3.MSUv7.0
915,LOC_Os02g08440.2.MSUv7.0
916,LOC_Os02g08440.4.MSUv7.0
917,LOC_Os02g08520.1.MSUv7.0
918,LOC_Os02g09150.1.MSUv7.0
919,LOC_Os02g09150.2.MSUv7.0
920,LOC_Os02g09220.1.MSUv7.0
921,LOC_Os02g09240.1.MSUv7.0
922,LOC_Os02g09420.1.MSUv7.0
923,LOC_Os02g09480.1.MSUv7.0
924,LOC_Os02g09490.1.MSUv7.0
925,LOC_Os02g09620.1.MSUv7.0
926,LOC_Os02g09940.1.MSUv7.0
927,LOC_Os02g10080.1.MSUv7.0
928,LOC_Os02g10080.2.MSUv7.0
929,LOC_Os02g10200.1.MSUv7.0
930,LOC_Os02g10200.2.MSUv7.0
931,LOC_Os02g10390.1.MSUv7.0
932,LOC_Os02g10390.2.MSUv7.0
933,LOC_Os02g10390.3.MSUv7.0
934,LOC_Os02g10920.1.MSUv7.0
935,LOC_Os02g10920.2.MSUv7.0
936,LOC_Os02g10920.3.MSUv7.0
937,LOC_Os02g10920.5.MSUv7.0
938,LOC_Os02g10950.1.MSUv7.0
939,LOC_Os02g11040.1.MSUv7.0
940,LOC_Os02g11040.2.MSUv7.0
941,LOC_Os02g11720.1.MSUv7.0
942,LOC_Os02g11740.1.MSUv7.0
943,LOC_Os02g11740.2.MSUv7.0
944,LOC_Os02g11780.1.MSUv7.0
945,LOC_Os02g12580.1.MSUv7.0
946,LOC_Os02g12750.1.MSUv7.0
947,LOC_Os02g12794.3.MSUv7.0
948,LOC_Os02g12800.1.MSUv7.0
949,LOC_Os02g13110.1.MSUv7.0
950,LOC_Os02g13110.2.MSUv7.0
951,LOC_Os02g13380.1.MSUv7.0
952,LOC_Os02g13840.1.MSUv7.0
953,LOC_Os02g13870.1.MSUv7.0
954,LOC_Os02g14059.1.MSUv7.0
955,LOC_Os02g14059.2.MSUv7.0
956,LOC_Os02g14110.1.MSUv7.0
957,LOC_Os02g14170.1.MSUv7.0
958,LOC_Os02g14170.2.MSUv7.0
959,LOC_Os02g14720.1.MSUv7.0
960,LOC_Os02g14720.2.MSUv7.0
961,LOC_Os02g14760.1.MSUv7.0
962,LOC_Os02g14760.2.MSUv7.0
963,LOC_Os02g14860.1.MSUv7.0
964,LOC_Os02g14910.1.MSUv7.0
965,LOC_Os02g15310.1.MSUv7.0
966,LOC_Os02g15310.3.MSUv7.0
967,LOC_Os02g15310.2.MSUv7.0
968,LOC_Os02g15310.4.MSUv7.0
969,LOC_Os02g15350.1.MSUv7.0
970,LOC_Os02g15540.1.MSUv7.0
971,LOC_Os02g15690.1.MSUv7.0
972,LOC_Os02g15880.2.MSUv7.0
973,LOC_Os02g15880.1.MSUv7.0
974,LOC_Os02g15880.3.MSUv7.0
975,LOC_Os02g15885.1.MSUv7.0
976,LOC_Os02g15950.1.MSUv7.0
977,LOC_Os02g16500.1.MSUv7.0
978,LOC_Os02g16550.1.MSUv7.0
979,LOC_Os02g16680.1.MSUv7.0
980,LOC_Os02g16680.2.MSUv7.0
981,LOC_Os02g16909.1.MSUv7.0
982,LOC_Os02g16909.2.MSUv7.0
983,LOC_Os02g17190.1.MSUv7.0
984,LOC_Os02g18410.1.MSUv7.0
985,LOC_Os02g18830.1.MSUv7.0
986,LOC_Os02g19820.1.MSUv7.0
987,LOC_Os02g19924.1.MSUv7.0
988,LOC_Os02g19970.1.MSUv7.0
989,LOC_Os02g19970.2.MSUv7.0
990,LOC_Os02g20360.1.MSUv7.0
991,LOC_Os02g20560.1.MSUv7.0
992,LOC_Os02g20844.1.MSUv7.0
993,LOC_Os02g20844.2.MSUv7.0
994,LOC_Os02g21080.1.MSUv7.0
995,LOC_Os02g21660.2.MSUv7.0
996,LOC_Os02g21660.3.MSUv7.0
997,LOC_Os02g21660.1.MSUv7.0
998,LOC_Os02g21970.1.MSUv7.0
999,LOC_Os02g22070.1.MSUv7.0
1000,LOC_Os02g22260.1.MSUv7.0
1001,LOC_Os02g22260.2.MSUv7.0
1002,LOC_Os02g22380.1.MSUv7.0
1003,LOC_Os02g24330.2.MSUv7.0
1004,LOC_Os02g24330.1.MSUv7.0
1005,LOC_Os02g25150.1.MSUv7.0
1006,LOC_Os02g26370.1.MSUv7.0
1007,LOC_Os02g26370.2.MSUv7.0
1008,LOC_Os02g26600.1.MSUv7.0
1009,LOC_Os02g26700.2.MSUv7.0
1010,LOC_Os02g26700.3.MSUv7.0
1011,LOC_Os02g26700.4.MSUv7.0
1012,LOC_Os02g26700.6.MSUv7.0
1013,LOC_Os02g26700.7.MSUv7.0
1014,LOC_Os02g26700.1.MSUv7.0
1015,LOC_Os02g26700.9.MSUv7.0
1016,LOC_Os02g26700.8.MSUv7.0
1017,LOC_Os02g27220.1.MSUv7.0
1018,LOC_Os02g27594.1.MSUv7.0
1019,LOC_Os02g27760.1.MSUv7.0
1020,LOC_Os02g28810.1.MSUv7.0
1021,LOC_Os02g30050.1.MSUv7.0
1022,LOC_Os02g30180.1.MSUv7.0
1023,LOC_Os02g30180.2.MSUv7.0
1024,LOC_Os02g30180.3.MSUv7.0
1025,LOC_Os02g30380.1.MSUv7.0
1026,LOC_Os02g30420.1.MSUv7.0
1027,LOC_Os02g30460.1.MSUv7.0
1028,LOC_Os02g30850.1.MSUv7.0
1029,LOC_Os02g32120.1.MSUv7.0
1030,LOC_Os02g32430.1.MSUv7.0
1031,LOC_Os02g32450.1.MSUv7.0
1032,LOC_Os02g32504.1.MSUv7.0
1033,LOC_Os02g32504.2.MSUv7.0
1034,LOC_Os02g32980.1.MSUv7.0
1035,LOC_Os02g33070.1.MSUv7.0
1036,LOC_Os02g33140.1.MSUv7.0
1037,LOC_Os02g33420.1.MSUv7.0
1038,LOC_Os02g33550.1.MSUv7.0
1039,LOC_Os02g33560.1.MSUv7.0
1040,LOC_Os02g33600.1.MSUv7.0
1041,LOC_Os02g33770.1.MSUv7.0
1042,LOC_Os02g33780.1.MSUv7.0
1043,LOC_Os02g34190.1.MSUv7.0
1044,LOC_Os02g34410.1.MSUv7.0
1045,LOC_Os02g34540.1.MSUv7.0
1046,LOC_Os02g34560.1.MSUv7.0
1047,LOC_Os02g34560.2.MSUv7.0
1048,LOC_Os02g35080.1.MSUv7.0
1049,LOC_Os02g35080.3.MSUv7.0
1050,LOC_Os02g35080.5.MSUv7.0
1051,LOC_Os02g35080.2.MSUv7.0
1052,LOC_Os02g35180.1.MSUv7.0
1053,LOC_Os02g35260.1.MSUv7.0
1054,LOC_Os02g35950.1.MSUv7.0
1055,LOC_Os02g36400.1.MSUv7.0
1056,LOC_Os02g36550.1.MSUv7.0
1057,LOC_Os02g36710.1.MSUv7.0
1058,LOC_Os02g36890.1.MSUv7.0
1059,LOC_Os02g37060.1.MSUv7.0
1060,LOC_Os02g37430.1.MSUv7.0
1061,LOC_Os02g37480.1.MSUv7.0
1062,LOC_Os02g37862.1.MSUv7.0
1063,LOC_Os02g38050.4.MSUv7.0
1064,LOC_Os02g38050.3.MSUv7.0
1065,LOC_Os02g38050.5.MSUv7.0
1066,LOC_Os02g38050.6.MSUv7.0
1067,LOC_Os02g38050.1.MSUv7.0
1068,LOC_Os02g38050.2.MSUv7.0
1069,LOC_Os02g38120.1.MSUv7.0
1070,LOC_Os02g38190.1.MSUv7.0
1071,LOC_Os02g38230.1.MSUv7.0
1072,LOC_Os02g38340.1.MSUv7.0
1073,LOC_Os02g38440.1.MSUv7.0
1074,LOC_Os02g38780.2.MSUv7.0
1075,LOC_Os02g39000.1.MSUv7.0
1076,LOC_Os02g39100.1.MSUv7.0
1077,LOC_Os02g39180.1.MSUv7.0
1078,LOC_Os02g39630.2.MSUv7.0
1079,LOC_Os02g39630.1.MSUv7.0
1080,LOC_Os02g39630.3.MSUv7.0
1081,LOC_Os02g39710.1.MSUv7.0
1082,LOC_Os02g39970.1.MSUv7.0
1083,LOC_Os02g39970.2.MSUv7.0
1084,LOC_Os02g40260.1.MSUv7.0
1085,LOC_Os02g40440.1.MSUv7.0
1086,LOC_Os02g40510.1.MSUv7.0
1087,LOC_Os02g40880.1.MSUv7.0
1088,LOC_Os02g40880.2.MSUv7.0
1089,LOC_Os02g41460.1.MSUv7.0
1090,LOC_Os02g41470.1.MSUv7.0
1091,LOC_Os02g41470.2.MSUv7.0
1092,LOC_Os02g41470.3.MSUv7.0
1093,LOC_Os02g41580.1.MSUv7.0
1094,LOC_Os02g41590.1.MSUv7.0
1095,LOC_Os02g41630.2.MSUv7.0
1096,LOC_Os02g41820.1.MSUv7.0
1097,LOC_Os02g41840.1.MSUv7.0
1098,LOC_Os02g41904.1.MSUv7.0
1099,LOC_Os02g42290.1.MSUv7.0
1100,LOC_Os02g42290.3.MSUv7.0
1101,LOC_Os02g42290.2.MSUv7.0
1102,LOC_Os02g42440.1.MSUv7.0
1103,LOC_Os02g42590.1.MSUv7.0
1104,LOC_Os02g42590.2.MSUv7.0
1105,LOC_Os02g42950.2.MSUv7.0
1106,LOC_Os02g42950.1.MSUv7.0
1107,LOC_Os02g43090.2.MSUv7.0
1108,LOC_Os02g43090.4.MSUv7.0
1109,LOC_Os02g43830.1.MSUv7.0
1110,LOC_Os02g43830.2.MSUv7.0
1111,LOC_Os02g43930.1.MSUv7.0
1112,LOC_Os02g43930.2.MSUv7.0
1113,LOC_Os02g43930.3.MSUv7.0
1114,LOC_Os02g44108.1.MSUv7.0
1115,LOC_Os02g44310.1.MSUv7.0
1116,LOC_Os02g44630.1.MSUv7.0
1117,LOC_Os02g44630.3.MSUv7.0
1118,LOC_Os02g44630.2.MSUv7.0
1119,LOC_Os02g44654.1.MSUv7.0
1120,LOC_Os02g44654.2.MSUv7.0
1121,LOC_Os02g44670.1.MSUv7.0
1122,LOC_Os02g44820.1.MSUv7.0
1123,LOC_Os02g44820.3.MSUv7.0
1124,LOC_Os02g44820.2.MSUv7.0
1125,LOC_Os02g44820.4.MSUv7.0
1126,LOC_Os02g44870.1.MSUv7.0
1127,LOC_Os02g44880.1.MSUv7.0
1128,LOC_Os02g44940.1.MSUv7.0
1129,LOC_Os02g44980.1.MSUv7.0
1130,LOC_Os02g44990.1.MSUv7.0
1131,LOC_Os02g45000.1.MSUv7.0
1132,LOC_Os02g45200.3.MSUv7.0
1133,LOC_Os02g45200.2.MSUv7.0
1134,LOC_Os02g45200.1.MSUv7.0
1135,LOC_Os02g45200.4.MSUv7.0
1136,LOC_Os02g45630.1.MSUv7.0
1137,LOC_Os02g45890.1.MSUv7.0
1138,LOC_Os02g45930.1.MSUv7.0
1139,LOC_Os02g46220.1.MSUv7.0
1140,LOC_Os02g46560.1.MSUv7.0
1141,LOC_Os02g46839.1.MSUv7.0
1142,LOC_Os02g46910.2.MSUv7.0
1143,LOC_Os02g46910.1.MSUv7.0
1144,LOC_Os02g47140.1.MSUv7.0
1145,LOC_Os02g47140.2.MSUv7.0
1146,LOC_Os02g47350.1.MSUv7.0
1147,LOC_Os02g47410.1.MSUv7.0
1148,LOC_Os02g47410.2.MSUv7.0
1149,LOC_Os02g47410.3.MSUv7.0
1150,LOC_Os02g47570.2.MSUv7.0
1151,LOC_Os02g47570.1.MSUv7.0
1152,LOC_Os02g47760.1.MSUv7.0
1153,LOC_Os02g47800.1.MSUv7.0
1154,LOC_Os02g47850.1.MSUv7.0
1155,LOC_Os02g47850.2.MSUv7.0
1156,LOC_Os02g47870.1.MSUv7.0
1157,LOC_Os02g48170.1.MSUv7.0
1158,LOC_Os02g48290.1.MSUv7.0
1159,LOC_Os02g48390.1.MSUv7.0
1160,LOC_Os02g48560.4.MSUv7.0
1161,LOC_Os02g48560.1.MSUv7.0
1162,LOC_Os02g48560.5.MSUv7.0
1163,LOC_Os02g48560.3.MSUv7.0
1164,LOC_Os02g48560.6.MSUv7.0
1165,LOC_Os02g48560.2.MSUv7.0
1166,LOC_Os02g49440.1.MSUv7.0
1167,LOC_Os02g49620.1.MSUv7.0
1168,LOC_Os02g49720.1.MSUv7.0
1169,LOC_Os02g49720.2.MSUv7.0
1170,LOC_Os02g49720.3.MSUv7.0
1171,LOC_Os02g49720.7.MSUv7.0
1172,LOC_Os02g49720.6.MSUv7.0
1173,LOC_Os02g49760.2.MSUv7.0
1174,LOC_Os02g49760.3.MSUv7.0
1175,LOC_Os02g49760.1.MSUv7.0
1176,LOC_Os02g49760.4.MSUv7.0
1177,LOC_Os02g49770.1.MSUv7.0
1178,LOC_Os02g50020.1.MSUv7.0
1179,LOC_Os02g50040.1.MSUv7.0
1180,LOC_Os02g50070.1.MSUv7.0
1181,LOC_Os02g50240.2.MSUv7.0
1182,LOC_Os02g50240.1.MSUv7.0
1183,LOC_Os02g50470.1.MSUv7.0
1184,LOC_Os02g50540.1.MSUv7.0
1185,LOC_Os02g50640.1.MSUv7.0
1186,LOC_Os02g50830.1.MSUv7.0
1187,LOC_Os02g51110.1.MSUv7.0
1188,LOC_Os02g51119.2.MSUv7.0
1189,LOC_Os02g51119.1.MSUv7.0
1190,LOC_Os02g51710.1.MSUv7.0
1191,LOC_Os02g51750.1.MSUv7.0
1192,LOC_Os02g51750.2.MSUv7.0
1193,LOC_Os02g52000.1.MSUv7.0
1194,LOC_Os02g52010.1.MSUv7.0
1195,LOC_Os02g52040.1.MSUv7.0
1196,LOC_Os02g52130.6.MSUv7.0
1197,LOC_Os02g52130.7.MSUv7.0
1198,LOC_Os02g52130.1.MSUv7.0
1199,LOC_Os02g52770.1.MSUv7.0
1200,LOC_Os02g52780.1.MSUv7.0
1201,LOC_Os02g52780.2.MSUv7.0
1202,LOC_Os02g52810.2.MSUv7.0
1203,LOC_Os02g52810.1.MSUv7.0
1204,LOC_Os02g52860.1.MSUv7.0
1205,LOC_Os02g52950.1.MSUv7.0
1206,LOC_Os02g53180.1.MSUv7.0
1207,LOC_Os02g53180.2.MSUv7.0
1208,LOC_Os02g53180.3.MSUv7.0
1209,LOC_Os02g53200.1.MSUv7.0
1210,LOC_Os02g53200.2.MSUv7.0
1211,LOC_Os02g53260.1.MSUv7.0
1212,LOC_Os02g53350.1.MSUv7.0
1213,LOC_Os02g53430.1.MSUv7.0
1214,LOC_Os02g53860.1.MSUv7.0
1215,LOC_Os02g54110.1.MSUv7.0
1216,LOC_Os02g54140.1.MSUv7.0
1217,LOC_Os02g54360.1.MSUv7.0
1218,LOC_Os02g54470.2.MSUv7.0
1219,LOC_Os02g54470.1.MSUv7.0
1220,LOC_Os02g54600.1.MSUv7.0
1221,LOC_Os02g54770.1.MSUv7.0
1222,LOC_Os02g54770.2.MSUv7.0
1223,LOC_Os02g54820.2.MSUv7.0
1224,LOC_Os02g54820.3.MSUv7.0
1225,LOC_Os02g54820.1.MSUv7.0
1226,LOC_Os02g54890.1.MSUv7.0
1227,LOC_Os02g55120.1.MSUv7.0
1228,LOC_Os02g55420.1.MSUv7.0
1229,LOC_Os02g55520.1.MSUv7.0
1230,LOC_Os02g55520.2.MSUv7.0
1231,LOC_Os02g55890.1.MSUv7.0
1232,LOC_Os02g56250.1.MSUv7.0
1233,LOC_Os02g56370.1.MSUv7.0
1234,LOC_Os02g56840.1.MSUv7.0
1235,LOC_Os02g56900.1.MSUv7.0
1236,LOC_Os02g56920.1.MSUv7.0
1237,LOC_Os02g57040.1.MSUv7.0
1238,LOC_Os02g57040.3.MSUv7.0
1239,LOC_Os02g57040.2.MSUv7.0
1240,LOC_Os02g57250.1.MSUv7.0
1241,LOC_Os02g57250.2.MSUv7.0
1242,LOC_Os02g57260.1.MSUv7.0
1243,LOC_Os02g57280.1.MSUv7.0
1244,LOC_Os02g57280.4.MSUv7.0
1245,LOC_Os02g57280.5.MSUv7.0
1246,LOC_Os02g57280.6.MSUv7.0
1247,LOC_Os02g57280.7.MSUv7.0
1248,LOC_Os02g57280.8.MSUv7.0
1249,LOC_Os02g57470.1.MSUv7.0
1250,LOC_Os02g57650.1.MSUv7.0
1251,LOC_Os02g57760.1.MSUv7.0
1252,LOC_Os02g57820.1.MSUv7.0
1253,LOC_Os02g58220.1.MSUv7.0
1254,LOC_Os02g58450.1.MSUv7.0
1255,LOC_Os02g58580.1.MSUv7.0
1256,LOC_Os02g58580.2.MSUv7.0
1257,LOC_Os02g58580.4.MSUv7.0
1258,LOC_Os02g58580.5.MSUv7.0
1259,LOC_Os03g01140.1.MSUv7.0
1260,LOC_Os03g01320.2.MSUv7.0
1261,LOC_Os03g01530.1.MSUv7.0
1262,LOC_Os03g01760.1.MSUv7.0
1263,LOC_Os03g01760.2.MSUv7.0
1264,LOC_Os03g01850.1.MSUv7.0
1265,LOC_Os03g01850.2.MSUv7.0
1266,LOC_Os03g01900.1.MSUv7.0
1267,LOC_Os03g01910.2.MSUv7.0
1268,LOC_Os03g01910.1.MSUv7.0
1269,LOC_Os03g01960.1.MSUv7.0
1270,LOC_Os03g01980.1.MSUv7.0
1271,LOC_Os03g02190.1.MSUv7.0
1272,LOC_Os03g02460.2.MSUv7.0
1273,LOC_Os03g02460.1.MSUv7.0
1274,LOC_Os03g02530.1.MSUv7.0
1275,LOC_Os03g02550.1.MSUv7.0
1276,LOC_Os03g02560.1.MSUv7.0
1277,LOC_Os03g02590.2.MSUv7.0
1278,LOC_Os03g02780.1.MSUv7.0
1279,LOC_Os03g03020.1.MSUv7.0
1280,LOC_Os03g03180.1.MSUv7.0
1281,LOC_Os03g03360.1.MSUv7.0
1282,LOC_Os03g03720.1.MSUv7.0
1283,LOC_Os03g03720.2.MSUv7.0
1284,LOC_Os03g04100.2.MSUv7.0
1285,LOC_Os03g04100.1.MSUv7.0
1286,LOC_Os03g04220.1.MSUv7.0
1287,LOC_Os03g04240.1.MSUv7.0
1288,LOC_Os03g04260.1.MSUv7.0
1289,LOC_Os03g04310.1.MSUv7.0
1290,LOC_Os03g04310.2.MSUv7.0
1291,LOC_Os03g04750.1.MSUv7.0
1292,LOC_Os03g05290.1.MSUv7.0
1293,LOC_Os03g05300.1.MSUv7.0
1294,LOC_Os03g05460.1.MSUv7.0
1295,LOC_Os03g05730.1.MSUv7.0
1296,LOC_Os03g05750.1.MSUv7.0
1297,LOC_Os03g05980.1.MSUv7.0
1298,LOC_Os03g05980.2.MSUv7.0
1299,LOC_Os03g06200.1.MSUv7.0
1300,LOC_Os03g06240.1.MSUv7.0
1301,LOC_Os03g06240.2.MSUv7.0
1302,LOC_Os03g06350.1.MSUv7.0
1303,LOC_Os03g06390.1.MSUv7.0
1304,LOC_Os03g06520.1.MSUv7.0
1305,LOC_Os03g06520.2.MSUv7.0
1306,LOC_Os03g06680.1.MSUv7.0
1307,LOC_Os03g06980.1.MSUv7.0
1308,LOC_Os03g07100.1.MSUv7.0
1309,LOC_Os03g07270.1.MSUv7.0
1310,LOC_Os03g07470.1.MSUv7.0
1311,LOC_Os03g07790.1.MSUv7.0
1312,LOC_Os03g08010.1.MSUv7.0
1313,LOC_Os03g08020.1.MSUv7.0
1314,LOC_Os03g08050.1.MSUv7.0
1315,LOC_Os03g08220.1.MSUv7.0
1316,LOC_Os03g08280.1.MSUv7.0
1317,LOC_Os03g08280.2.MSUv7.0
1318,LOC_Os03g08280.3.MSUv7.0
1319,LOC_Os03g08360.1.MSUv7.0
1320,LOC_Os03g08360.3.MSUv7.0
1321,LOC_Os03g08360.4.MSUv7.0
1322,LOC_Os03g08440.2.MSUv7.0
1323,LOC_Os03g08500.1.MSUv7.0
1324,LOC_Os03g08500.2.MSUv7.0
1325,LOC_Os03g08630.1.MSUv7.0
1326,LOC_Os03g08850.1.MSUv7.0
1327,LOC_Os03g09020.1.MSUv7.0
1328,LOC_Os03g09250.1.MSUv7.0
1329,LOC_Os03g09250.2.MSUv7.0
1330,LOC_Os03g09250.3.MSUv7.0
1331,LOC_Os03g09250.4.MSUv7.0
1332,LOC_Os03g10040.1.MSUv7.0
1333,LOC_Os03g10060.1.MSUv7.0
1334,LOC_Os03g10090.1.MSUv7.0
1335,LOC_Os03g10140.1.MSUv7.0
1336,LOC_Os03g10150.1.MSUv7.0
1337,LOC_Os03g10340.1.MSUv7.0
1338,LOC_Os03g10650.1.MSUv7.0
1339,LOC_Os03g10700.1.MSUv7.0
1340,LOC_Os03g10820.1.MSUv7.0
1341,LOC_Os03g11110.1.MSUv7.0
1342,LOC_Os03g11230.1.MSUv7.0
1343,LOC_Os03g11230.2.MSUv7.0
1344,LOC_Os03g11320.1.MSUv7.0
1345,LOC_Os03g11320.2.MSUv7.0
1346,LOC_Os03g11960.3.MSUv7.0
1347,LOC_Os03g11960.1.MSUv7.0
1348,LOC_Os03g11960.2.MSUv7.0
1349,LOC_Os03g11960.4.MSUv7.0
1350,LOC_Os03g11970.1.MSUv7.0
1351,LOC_Os03g12030.1.MSUv7.0
1352,LOC_Os03g12140.1.MSUv7.0
1353,LOC_Os03g12140.2.MSUv7.0
1354,LOC_Os03g12140.3.MSUv7.0
1355,LOC_Os03g12250.1.MSUv7.0
1356,LOC_Os03g12360.1.MSUv7.0
1357,LOC_Os03g12360.2.MSUv7.0
1358,LOC_Os03g12390.1.MSUv7.0
1359,LOC_Os03g12530.1.MSUv7.0
1360,LOC_Os03g12730.1.MSUv7.0
1361,LOC_Os03g13010.1.MSUv7.0
1362,LOC_Os03g13140.1.MSUv7.0
1363,LOC_Os03g13140.2.MSUv7.0
1364,LOC_Os03g13170.1.MSUv7.0
1365,LOC_Os03g13460.1.MSUv7.0
1366,LOC_Os03g13460.2.MSUv7.0
1367,LOC_Os03g13570.1.MSUv7.0
1368,LOC_Os03g13590.1.MSUv7.0
1369,LOC_Os03g13600.1.MSUv7.0
1370,LOC_Os03g13600.2.MSUv7.0
1371,LOC_Os03g13730.1.MSUv7.0
1372,LOC_Os03g13840.1.MSUv7.0
1373,LOC_Os03g13840.2.MSUv7.0
1374,LOC_Os03g13950.2.MSUv7.0
1375,LOC_Os03g13950.1.MSUv7.0
1376,LOC_Os03g13950.3.MSUv7.0
1377,LOC_Os03g13950.4.MSUv7.0
1378,LOC_Os03g13970.2.MSUv7.0
1379,LOC_Os03g14050.2.MSUv7.0
1380,LOC_Os03g14050.1.MSUv7.0
1381,LOC_Os03g14090.1.MSUv7.0
1382,LOC_Os03g14130.1.MSUv7.0
1383,LOC_Os03g14140.1.MSUv7.0
1384,LOC_Os03g14205.1.MSUv7.0
1385,LOC_Os03g14290.1.MSUv7.0
1386,LOC_Os03g14642.1.MSUv7.0
1387,LOC_Os03g14654.1.MSUv7.0
1388,LOC_Os03g14669.2.MSUv7.0
1389,LOC_Os03g14669.1.MSUv7.0
1390,LOC_Os03g14900.1.MSUv7.0
1391,LOC_Os03g14950.1.MSUv7.0
1392,LOC_Os03g14980.1.MSUv7.0
1393,LOC_Os03g15530.1.MSUv7.0
1394,LOC_Os03g15590.1.MSUv7.0
1395,LOC_Os03g15730.1.MSUv7.0
1396,LOC_Os03g15730.2.MSUv7.0
1397,LOC_Os03g15940.1.MSUv7.0
1398,LOC_Os03g15960.1.MSUv7.0
1399,LOC_Os03g15960.2.MSUv7.0
1400,LOC_Os03g16020.1.MSUv7.0
1401,LOC_Os03g16110.3.MSUv7.0
1402,LOC_Os03g16110.2.MSUv7.0
1403,LOC_Os03g16150.3.MSUv7.0
1404,LOC_Os03g16150.2.MSUv7.0
1405,LOC_Os03g16150.1.MSUv7.0
1406,LOC_Os03g16700.1.MSUv7.0
1407,LOC_Os03g16700.2.MSUv7.0
1408,LOC_Os03g16700.3.MSUv7.0
1409,LOC_Os03g16700.4.MSUv7.0
1410,LOC_Os03g16709.1.MSUv7.0
1411,LOC_Os03g16800.2.MSUv7.0
1412,LOC_Os03g16800.1.MSUv7.0
1413,LOC_Os03g16860.2.MSUv7.0
1414,LOC_Os03g17000.2.MSUv7.0
1415,LOC_Os03g17000.4.MSUv7.0
1416,LOC_Os03g17000.3.MSUv7.0
1417,LOC_Os03g17010.1.MSUv7.0
1418,LOC_Os03g17010.2.MSUv7.0
1419,LOC_Os03g17010.3.MSUv7.0
1420,LOC_Os03g17084.1.MSUv7.0
1421,LOC_Os03g17100.1.MSUv7.0
1422,LOC_Os03g17140.1.MSUv7.0
1423,LOC_Os03g17200.1.MSUv7.0
1424,LOC_Os03g17610.1.MSUv7.0
1425,LOC_Os03g17634.1.MSUv7.0
1426,LOC_Os03g17690.1.MSUv7.0
1427,LOC_Os03g17690.2.MSUv7.0
1428,LOC_Os03g17940.1.MSUv7.0
1429,LOC_Os03g18140.1.MSUv7.0
1430,LOC_Os03g18220.1.MSUv7.0
1431,LOC_Os03g18220.2.MSUv7.0
1432,LOC_Os03g18340.1.MSUv7.0
1433,LOC_Os03g18410.1.MSUv7.0
1434,LOC_Os03g18570.1.MSUv7.0
1435,LOC_Os03g18690.1.MSUv7.0
1436,LOC_Os03g18720.2.MSUv7.0
1437,LOC_Os03g18720.1.MSUv7.0
1438,LOC_Os03g18830.1.MSUv7.0
1439,LOC_Os03g18830.2.MSUv7.0
1440,LOC_Os03g18850.1.MSUv7.0
1441,LOC_Os03g18870.1.MSUv7.0
1442,LOC_Os03g18910.1.MSUv7.0
1443,LOC_Os03g19090.1.MSUv7.0
1444,LOC_Os03g19220.1.MSUv7.0
1445,LOC_Os03g19220.2.MSUv7.0
1446,LOC_Os03g19250.1.MSUv7.0
1447,LOC_Os03g19340.1.MSUv7.0
1448,LOC_Os03g19420.2.MSUv7.0
1449,LOC_Os03g19427.1.MSUv7.0
1450,LOC_Os03g19720.1.MSUv7.0
1451,LOC_Os03g19890.1.MSUv7.0
1452,LOC_Os03g19930.2.MSUv7.0
1453,LOC_Os03g19930.3.MSUv7.0
1454,LOC_Os03g19930.4.MSUv7.0
1455,LOC_Os03g19930.1.MSUv7.0
1456,LOC_Os03g20340.1.MSUv7.0
1457,LOC_Os03g20370.1.MSUv7.0
1458,LOC_Os03g20500.1.MSUv7.0
1459,LOC_Os03g20780.1.MSUv7.0
1460,LOC_Os03g20790.1.MSUv7.0
1461,LOC_Os03g21000.1.MSUv7.0
1462,LOC_Os03g21000.2.MSUv7.0
1463,LOC_Os03g21040.2.MSUv7.0
1464,LOC_Os03g21040.3.MSUv7.0
1465,LOC_Os03g21140.2.MSUv7.0
1466,LOC_Os03g21140.1.MSUv7.0
1467,LOC_Os03g21370.1.MSUv7.0
1468,LOC_Os03g21560.1.MSUv7.0
1469,LOC_Os03g21890.1.MSUv7.0
1470,LOC_Os03g21940.1.MSUv7.0
1471,LOC_Os03g21964.1.MSUv7.0
1472,LOC_Os03g21990.1.MSUv7.0
1473,LOC_Os03g22010.1.MSUv7.0
1474,LOC_Os03g22010.4.MSUv7.0
1475,LOC_Os03g22010.3.MSUv7.0
1476,LOC_Os03g22010.2.MSUv7.0
1477,LOC_Os03g22210.1.MSUv7.0
1478,LOC_Os03g22259.1.MSUv7.0
1479,LOC_Os03g22270.1.MSUv7.0
1480,LOC_Os03g22270.2.MSUv7.0
1481,LOC_Os03g22270.3.MSUv7.0
1482,LOC_Os03g22340.1.MSUv7.0
1483,LOC_Os03g22460.2.MSUv7.0
1484,LOC_Os03g22460.1.MSUv7.0
1485,LOC_Os03g22700.1.MSUv7.0
1486,LOC_Os03g22720.1.MSUv7.0
1487,LOC_Os03g22720.2.MSUv7.0
1488,LOC_Os03g22720.3.MSUv7.0
1489,LOC_Os03g22730.1.MSUv7.0
1490,LOC_Os03g22790.1.MSUv7.0
1491,LOC_Os03g22880.1.MSUv7.0
1492,LOC_Os03g22890.2.MSUv7.0
1493,LOC_Os03g23900.1.MSUv7.0
1494,LOC_Os03g24040.1.MSUv7.0
1495,LOC_Os03g24184.1.MSUv7.0
1496,LOC_Os03g25150.1.MSUv7.0
1497,LOC_Os03g25280.1.MSUv7.0
1498,LOC_Os03g25300.1.MSUv7.0
1499,LOC_Os03g25330.1.MSUv7.0
1500,LOC_Os03g25720.1.MSUv7.0
1501,LOC_Os03g25940.1.MSUv7.0
1502,LOC_Os03g25940.4.MSUv7.0
1503,LOC_Os03g26030.1.MSUv7.0
1504,LOC_Os03g26500.1.MSUv7.0
1505,LOC_Os03g26820.1.MSUv7.0
1506,LOC_Os03g27010.1.MSUv7.0
1507,LOC_Os03g27190.1.MSUv7.0
1508,LOC_Os03g27260.1.MSUv7.0
1509,LOC_Os03g27310.1.MSUv7.0
1510,LOC_Os03g27310.2.MSUv7.0
1511,LOC_Os03g27460.2.MSUv7.0
1512,LOC_Os03g27460.3.MSUv7.0
1513,LOC_Os03g27460.1.MSUv7.0
1514,LOC_Os03g28330.4.MSUv7.0
1515,LOC_Os03g28330.3.MSUv7.0
1516,LOC_Os03g28330.2.MSUv7.0
1517,LOC_Os03g28330.1.MSUv7.0
1518,LOC_Os03g28330.5.MSUv7.0
1519,LOC_Os03g28400.1.MSUv7.0
1520,LOC_Os03g28410.1.MSUv7.0
1521,LOC_Os03g29350.1.MSUv7.0
1522,LOC_Os03g29350.2.MSUv7.0
1523,LOC_Os03g29350.4.MSUv7.0
1524,LOC_Os03g29750.1.MSUv7.0
1525,LOC_Os03g29770.1.MSUv7.0
1526,LOC_Os03g30570.1.MSUv7.0
1527,LOC_Os03g30570.2.MSUv7.0
1528,LOC_Os03g30790.1.MSUv7.0
1529,LOC_Os03g31010.1.MSUv7.0
1530,LOC_Os03g31090.1.MSUv7.0
1531,LOC_Os03g31170.1.MSUv7.0
1532,LOC_Os03g31170.3.MSUv7.0
1533,LOC_Os03g31170.2.MSUv7.0
1534,LOC_Os03g31750.2.MSUv7.0
1535,LOC_Os03g31750.1.MSUv7.0
1536,LOC_Os03g31750.3.MSUv7.0
1537,LOC_Os03g31880.1.MSUv7.0
1538,LOC_Os03g32314.1.MSUv7.0
1539,LOC_Os03g32490.1.MSUv7.0
1540,LOC_Os03g32580.1.MSUv7.0
1541,LOC_Os03g34040.1.MSUv7.0
1542,LOC_Os03g34040.2.MSUv7.0
1543,LOC_Os03g34040.3.MSUv7.0
1544,LOC_Os03g37100.1.MSUv7.0
1545,LOC_Os03g37864.1.MSUv7.0
1546,LOC_Os03g37970.1.MSUv7.0
1547,LOC_Os03g38000.1.MSUv7.0
1548,LOC_Os03g38000.2.MSUv7.0
1549,LOC_Os03g38020.1.MSUv7.0
1550,LOC_Os03g38520.1.MSUv7.0
1551,LOC_Os03g39010.1.MSUv7.0
1552,LOC_Os03g39110.1.MSUv7.0
1553,LOC_Os03g39110.2.MSUv7.0
1554,LOC_Os03g39610.1.MSUv7.0
1555,LOC_Os03g39610.2.MSUv7.0
1556,LOC_Os03g39640.2.MSUv7.0
1557,LOC_Os03g40270.1.MSUv7.0
1558,LOC_Os03g40540.1.MSUv7.0
1559,LOC_Os03g40650.1.MSUv7.0
1560,LOC_Os03g41060.1.MSUv7.0
1561,LOC_Os03g42220.1.MSUv7.0
1562,LOC_Os03g42220.2.MSUv7.0
1563,LOC_Os03g42220.3.MSUv7.0
1564,LOC_Os03g43020.1.MSUv7.0
1565,LOC_Os03g43420.1.MSUv7.0
1566,LOC_Os03g43990.1.MSUv7.0
1567,LOC_Os03g44540.1.MSUv7.0
1568,LOC_Os03g44620.2.MSUv7.0
1569,LOC_Os03g45370.1.MSUv7.0
1570,LOC_Os03g45400.1.MSUv7.0
1571,LOC_Os03g45870.1.MSUv7.0
1572,LOC_Os03g45920.1.MSUv7.0
1573,LOC_Os03g46480.2.MSUv7.0
1574,LOC_Os03g46480.1.MSUv7.0
1575,LOC_Os03g46660.1.MSUv7.0
1576,LOC_Os03g46770.1.MSUv7.0
1577,LOC_Os03g47270.1.MSUv7.0
1578,LOC_Os03g47530.1.MSUv7.0
1579,LOC_Os03g47940.1.MSUv7.0
1580,LOC_Os03g48040.1.MSUv7.0
1581,LOC_Os03g48080.1.MSUv7.0
1582,LOC_Os03g48180.1.MSUv7.0
1583,LOC_Os03g48180.2.MSUv7.0
1584,LOC_Os03g48260.1.MSUv7.0
1585,LOC_Os03g48626.1.MSUv7.0
1586,LOC_Os03g48626.2.MSUv7.0
1587,LOC_Os03g48904.1.MSUv7.0
1588,LOC_Os03g49485.1.MSUv7.0
1589,LOC_Os03g49600.1.MSUv7.0
1590,LOC_Os03g49600.2.MSUv7.0
1591,LOC_Os03g49600.4.MSUv7.0
1592,LOC_Os03g49600.5.MSUv7.0
1593,LOC_Os03g49600.3.MSUv7.0
1594,LOC_Os03g49990.1.MSUv7.0
1595,LOC_Os03g50090.4.MSUv7.0
1596,LOC_Os03g50090.3.MSUv7.0
1597,LOC_Os03g50090.1.MSUv7.0
1598,LOC_Os03g50090.2.MSUv7.0
1599,LOC_Os03g50130.2.MSUv7.0
1600,LOC_Os03g50130.1.MSUv7.0
1601,LOC_Os03g50355.1.MSUv7.0
1602,LOC_Os03g50450.1.MSUv7.0
1603,LOC_Os03g50885.1.MSUv7.0
1604,LOC_Os03g51080.1.MSUv7.0
1605,LOC_Os03g51150.1.MSUv7.0
1606,LOC_Os03g51330.1.MSUv7.0
1607,LOC_Os03g51470.1.MSUv7.0
1608,LOC_Os03g51479.3.MSUv7.0
1609,LOC_Os03g51479.1.MSUv7.0
1610,LOC_Os03g51479.2.MSUv7.0
1611,LOC_Os03g51580.1.MSUv7.0
1612,LOC_Os03g51600.1.MSUv7.0
1613,LOC_Os03g51600.2.MSUv7.0
1614,LOC_Os03g51690.3.MSUv7.0
1615,LOC_Os03g51690.1.MSUv7.0
1616,LOC_Os03g51690.2.MSUv7.0
1617,LOC_Os03g52320.2.MSUv7.0
1618,LOC_Os03g52320.1.MSUv7.0
1619,LOC_Os03g52650.1.MSUv7.0
1620,LOC_Os03g52660.1.MSUv7.0
1621,LOC_Os03g52670.1.MSUv7.0
1622,LOC_Os03g52690.2.MSUv7.0
1623,LOC_Os03g52690.4.MSUv7.0
1624,LOC_Os03g52690.5.MSUv7.0
1625,LOC_Os03g52770.1.MSUv7.0
1626,LOC_Os03g52840.2.MSUv7.0
1627,LOC_Os03g52840.3.MSUv7.0
1628,LOC_Os03g53150.2.MSUv7.0
1629,LOC_Os03g53150.1.MSUv7.0
1630,LOC_Os03g53190.1.MSUv7.0
1631,LOC_Os03g53190.2.MSUv7.0
1632,LOC_Os03g53210.1.MSUv7.0
1633,LOC_Os03g53230.1.MSUv7.0
1634,LOC_Os03g53270.2.MSUv7.0
1635,LOC_Os03g53270.1.MSUv7.0
1636,LOC_Os03g53580.1.MSUv7.0
1637,LOC_Os03g53800.2.MSUv7.0
1638,LOC_Os03g53800.3.MSUv7.0
1639,LOC_Os03g53800.5.MSUv7.0
1640,LOC_Os03g53800.1.MSUv7.0
1641,LOC_Os03g53800.4.MSUv7.0
1642,LOC_Os03g53910.1.MSUv7.0
1643,LOC_Os03g54000.1.MSUv7.0
1644,LOC_Os03g54000.2.MSUv7.0
1645,LOC_Os03g54040.1.MSUv7.0
1646,LOC_Os03g54050.2.MSUv7.0
1647,LOC_Os03g54050.1.MSUv7.0
1648,LOC_Os03g54150.1.MSUv7.0
1649,LOC_Os03g54150.2.MSUv7.0
1650,LOC_Os03g54200.1.MSUv7.0
1651,LOC_Os03g54200.2.MSUv7.0
1652,LOC_Os03g54890.1.MSUv7.0
1653,LOC_Os03g54890.2.MSUv7.0
1654,LOC_Os03g54890.3.MSUv7.0
1655,LOC_Os03g55070.1.MSUv7.0
1656,LOC_Os03g55070.2.MSUv7.0
1657,LOC_Os03g55100.1.MSUv7.0
1658,LOC_Os03g55310.1.MSUv7.0
1659,LOC_Os03g55330.1.MSUv7.0
1660,LOC_Os03g55350.1.MSUv7.0
1661,LOC_Os03g55670.1.MSUv7.0
1662,LOC_Os03g55830.1.MSUv7.0
1663,LOC_Os03g55930.1.MSUv7.0
1664,LOC_Os03g56050.1.MSUv7.0
1665,LOC_Os03g56260.1.MSUv7.0
1666,LOC_Os03g56300.1.MSUv7.0
1667,LOC_Os03g56320.1.MSUv7.0
1668,LOC_Os03g56320.2.MSUv7.0
1669,LOC_Os03g56320.3.MSUv7.0
1670,LOC_Os03g56410.2.MSUv7.0
1671,LOC_Os03g56410.1.MSUv7.0
1672,LOC_Os03g56670.1.MSUv7.0
1673,LOC_Os03g56670.2.MSUv7.0
1674,LOC_Os03g56700.1.MSUv7.0
1675,LOC_Os03g57140.1.MSUv7.0
1676,LOC_Os03g57190.1.MSUv7.0
1677,LOC_Os03g57220.1.MSUv7.0
1678,LOC_Os03g57460.1.MSUv7.0
1679,LOC_Os03g57545.1.MSUv7.0
1680,LOC_Os03g57660.1.MSUv7.0
1681,LOC_Os03g57660.2.MSUv7.0
1682,LOC_Os03g57660.3.MSUv7.0
1683,LOC_Os03g57660.4.MSUv7.0
1684,LOC_Os03g57780.1.MSUv7.0
1685,LOC_Os03g57970.1.MSUv7.0
1686,LOC_Os03g57970.2.MSUv7.0
1687,LOC_Os03g58050.1.MSUv7.0
1688,LOC_Os03g58070.1.MSUv7.0
1689,LOC_Os03g58160.1.MSUv7.0
1690,LOC_Os03g58160.2.MSUv7.0
1691,LOC_Os03g58204.2.MSUv7.0
1692,LOC_Os03g58204.1.MSUv7.0
1693,LOC_Os03g58430.1.MSUv7.0
1694,LOC_Os03g58800.1.MSUv7.0
1695,LOC_Os03g58840.1.MSUv7.0
1696,LOC_Os03g58850.1.MSUv7.0
1697,LOC_Os03g59225.1.MSUv7.0
1698,LOC_Os03g59240.1.MSUv7.0
1699,LOC_Os03g59300.1.MSUv7.0
1700,LOC_Os03g59300.2.MSUv7.0
1701,LOC_Os03g59310.1.MSUv7.0
1702,LOC_Os03g59360.1.MSUv7.0
1703,LOC_Os03g59470.1.MSUv7.0
1704,LOC_Os03g59700.1.MSUv7.0
1705,LOC_Os03g59710.1.MSUv7.0
1706,LOC_Os03g59740.1.MSUv7.0
1707,LOC_Os03g59740.2.MSUv7.0
1708,LOC_Os03g59740.3.MSUv7.0
1709,LOC_Os03g59740.5.MSUv7.0
1710,LOC_Os03g59880.1.MSUv7.0
1711,LOC_Os03g60080.1.MSUv7.0
1712,LOC_Os03g60090.1.MSUv7.0
1713,LOC_Os03g60090.2.MSUv7.0
1714,LOC_Os03g60120.1.MSUv7.0
1715,LOC_Os03g60620.1.MSUv7.0
1716,LOC_Os03g60720.1.MSUv7.0
1717,LOC_Os03g60810.1.MSUv7.0
1718,LOC_Os03g60840.1.MSUv7.0
1719,LOC_Os03g61130.1.MSUv7.0
1720,LOC_Os03g61240.1.MSUv7.0
1721,LOC_Os03g61260.1.MSUv7.0
1722,LOC_Os03g61260.3.MSUv7.0
1723,LOC_Os03g61260.4.MSUv7.0
1724,LOC_Os03g61570.1.MSUv7.0
1725,LOC_Os03g61570.2.MSUv7.0
1726,LOC_Os03g61640.1.MSUv7.0
1727,LOC_Os03g61690.2.MSUv7.0
1728,LOC_Os03g61690.1.MSUv7.0
1729,LOC_Os03g61990.1.MSUv7.0
1730,LOC_Os03g61990.2.MSUv7.0
1731,LOC_Os03g61990.3.MSUv7.0
1732,LOC_Os03g61990.4.MSUv7.0
1733,LOC_Os03g62030.2.MSUv7.0
1734,LOC_Os03g62030.5.MSUv7.0
1735,LOC_Os03g62030.6.MSUv7.0
1736,LOC_Os03g62030.1.MSUv7.0
1737,LOC_Os03g62060.1.MSUv7.0
1738,LOC_Os03g62250.1.MSUv7.0
1739,LOC_Os03g62270.1.MSUv7.0
1740,LOC_Os03g62620.2.MSUv7.0
1741,LOC_Os03g62620.3.MSUv7.0
1742,LOC_Os03g62620.4.MSUv7.0
1743,LOC_Os03g62790.1.MSUv7.0
1744,LOC_Os03g62790.2.MSUv7.0
1745,LOC_Os03g63370.1.MSUv7.0
1746,LOC_Os03g63450.1.MSUv7.0
1747,LOC_Os03g63450.2.MSUv7.0
1748,LOC_Os03g63480.1.MSUv7.0
1749,LOC_Os03g64030.1.MSUv7.0
1750,LOC_Os03g64030.2.MSUv7.0
1751,LOC_Os03g64360.1.MSUv7.0
1752,LOC_Os03g64360.2.MSUv7.0
1753,LOC_Os03g64360.3.MSUv7.0
1754,LOC_Os03g64380.1.MSUv7.0
1755,LOC_Os04g01140.1.MSUv7.0
1756,LOC_Os04g01140.2.MSUv7.0
1757,LOC_Os04g01230.1.MSUv7.0
1758,LOC_Os04g01230.2.MSUv7.0
1759,LOC_Os04g01330.1.MSUv7.0
1760,LOC_Os04g01780.2.MSUv7.0
1761,LOC_Os04g02830.1.MSUv7.0
1762,LOC_Os04g02890.2.MSUv7.0
1763,LOC_Os04g02890.1.MSUv7.0
1764,LOC_Os04g03910.1.MSUv7.0
1765,LOC_Os04g08350.2.MSUv7.0
1766,LOC_Os04g08350.1.MSUv7.0
1767,LOC_Os04g08350.4.MSUv7.0
1768,LOC_Os04g08800.1.MSUv7.0
1769,LOC_Os04g10240.1.MSUv7.0
1770,LOC_Os04g10240.2.MSUv7.0
1771,LOC_Os04g11830.1.MSUv7.0
1772,LOC_Os04g11980.1.MSUv7.0
1773,LOC_Os04g11980.2.MSUv7.0
1774,LOC_Os04g15920.1.MSUv7.0
1775,LOC_Os04g16450.1.MSUv7.0
1776,LOC_Os04g17680.2.MSUv7.0
1777,LOC_Os04g17680.3.MSUv7.0
1778,LOC_Os04g17680.1.MSUv7.0
1779,LOC_Os04g17680.4.MSUv7.0
1780,LOC_Os04g18090.1.MSUv7.0
1781,LOC_Os04g20164.1.MSUv7.0
1782,LOC_Os04g20164.2.MSUv7.0
1783,LOC_Os04g20474.1.MSUv7.0
1784,LOC_Os04g20880.1.MSUv7.0
1785,LOC_Os04g21320.1.MSUv7.0
1786,LOC_Os04g21320.3.MSUv7.0
1787,LOC_Os04g23140.1.MSUv7.0
1788,LOC_Os04g23140.2.MSUv7.0
1789,LOC_Os04g23580.1.MSUv7.0
1790,LOC_Os04g24140.1.MSUv7.0
1791,LOC_Os04g24328.1.MSUv7.0
1792,LOC_Os04g24414.3.MSUv7.0
1793,LOC_Os04g24414.2.MSUv7.0
1794,LOC_Os04g24414.1.MSUv7.0
1795,LOC_Os04g24469.1.MSUv7.0
1796,LOC_Os04g24520.1.MSUv7.0
1797,LOC_Os04g24600.1.MSUv7.0
1798,LOC_Os04g25060.1.MSUv7.0
1799,LOC_Os04g25650.1.MSUv7.0
1800,LOC_Os04g27750.1.MSUv7.0
1801,LOC_Os04g27860.1.MSUv7.0
1802,LOC_Os04g28180.1.MSUv7.0
1803,LOC_Os04g28990.1.MSUv7.0
1804,LOC_Os04g30420.1.MSUv7.0
1805,LOC_Os04g31010.1.MSUv7.0
1806,LOC_Os04g31010.2.MSUv7.0
1807,LOC_Os04g31070.1.MSUv7.0
1808,LOC_Os04g31340.1.MSUv7.0
1809,LOC_Os04g32020.3.MSUv7.0
1810,LOC_Os04g32020.1.MSUv7.0
1811,LOC_Os04g32020.2.MSUv7.0
1812,LOC_Os04g32110.1.MSUv7.0
1813,LOC_Os04g32470.1.MSUv7.0
1814,LOC_Os04g32580.1.MSUv7.0
1815,LOC_Os04g32710.1.MSUv7.0
1816,LOC_Os04g32840.1.MSUv7.0
1817,LOC_Os04g32850.3.MSUv7.0
1818,LOC_Os04g32850.2.MSUv7.0
1819,LOC_Os04g32850.1.MSUv7.0
1820,LOC_Os04g33030.1.MSUv7.0
1821,LOC_Os04g33030.2.MSUv7.0
1822,LOC_Os04g33110.1.MSUv7.0
1823,LOC_Os04g33110.2.MSUv7.0
1824,LOC_Os04g33260.1.MSUv7.0
1825,LOC_Os04g33300.1.MSUv7.0
1826,LOC_Os04g33310.1.MSUv7.0
1827,LOC_Os04g33450.3.MSUv7.0
1828,LOC_Os04g33450.2.MSUv7.0
1829,LOC_Os04g33450.1.MSUv7.0
1830,LOC_Os04g33680.1.MSUv7.0
1831,LOC_Os04g33760.1.MSUv7.0
1832,LOC_Os04g33820.1.MSUv7.0
1833,LOC_Os04g33830.1.MSUv7.0
1834,LOC_Os04g33885.1.MSUv7.0
1835,LOC_Os04g33900.1.MSUv7.0
1836,LOC_Os04g34140.1.MSUv7.0
1837,LOC_Os04g34440.1.MSUv7.0
1838,LOC_Os04g34590.1.MSUv7.0
1839,LOC_Os04g34600.1.MSUv7.0
1840,LOC_Os04g34620.1.MSUv7.0
1841,LOC_Os04g35090.1.MSUv7.0
1842,LOC_Os04g35300.1.MSUv7.0
1843,LOC_Os04g35750.1.MSUv7.0
1844,LOC_Os04g36670.1.MSUv7.0
1845,LOC_Os04g38310.2.MSUv7.0
1846,LOC_Os04g38310.3.MSUv7.0
1847,LOC_Os04g38310.1.MSUv7.0
1848,LOC_Os04g38390.1.MSUv7.0
1849,LOC_Os04g38410.1.MSUv7.0
1850,LOC_Os04g38530.1.MSUv7.0
1851,LOC_Os04g38750.1.MSUv7.0
1852,LOC_Os04g38870.4.MSUv7.0
1853,LOC_Os04g38870.1.MSUv7.0
1854,LOC_Os04g38870.5.MSUv7.0
1855,LOC_Os04g38870.3.MSUv7.0
1856,LOC_Os04g38870.2.MSUv7.0
1857,LOC_Os04g38900.1.MSUv7.0
1858,LOC_Os04g38900.2.MSUv7.0
1859,LOC_Os04g39100.1.MSUv7.0
1860,LOC_Os04g39150.1.MSUv7.0
1861,LOC_Os04g39190.1.MSUv7.0
1862,LOC_Os04g39270.1.MSUv7.0
1863,LOC_Os04g39600.1.MSUv7.0
1864,LOC_Os04g39660.1.MSUv7.0
1865,LOC_Os04g39700.1.MSUv7.0
1866,LOC_Os04g39900.1.MSUv7.0
1867,LOC_Os04g40190.2.MSUv7.0
1868,LOC_Os04g40190.1.MSUv7.0
1869,LOC_Os04g40730.1.MSUv7.0
1870,LOC_Os04g40840.1.MSUv7.0
1871,LOC_Os04g40940.1.MSUv7.0
1872,LOC_Os04g40940.2.MSUv7.0
1873,LOC_Os04g40950.3.MSUv7.0
1874,LOC_Os04g40950.1.MSUv7.0
1875,LOC_Os04g40950.2.MSUv7.0
1876,LOC_Os04g41160.1.MSUv7.0
1877,LOC_Os04g41800.1.MSUv7.0
1878,LOC_Os04g41870.1.MSUv7.0
1879,LOC_Os04g41875.1.MSUv7.0
1880,LOC_Os04g41970.1.MSUv7.0
1881,LOC_Os04g42000.1.MSUv7.0
1882,LOC_Os04g42010.1.MSUv7.0
1883,LOC_Os04g42380.1.MSUv7.0
1884,LOC_Os04g42690.1.MSUv7.0
1885,LOC_Os04g43670.1.MSUv7.0
1886,LOC_Os04g43760.1.MSUv7.0
1887,LOC_Os04g43760.2.MSUv7.0
1888,LOC_Os04g43990.1.MSUv7.0
1889,LOC_Os04g44230.1.MSUv7.0
1890,LOC_Os04g44560.1.MSUv7.0
1891,LOC_Os04g44870.1.MSUv7.0
1892,LOC_Os04g45280.1.MSUv7.0
1893,LOC_Os04g45280.3.MSUv7.0
1894,LOC_Os04g45330.1.MSUv7.0
1895,LOC_Os04g45650.2.MSUv7.0
1896,LOC_Os04g45810.1.MSUv7.0
1897,LOC_Os04g45834.2.MSUv7.0
1898,LOC_Os04g45834.1.MSUv7.0
1899,LOC_Os04g45834.3.MSUv7.0
1900,LOC_Os04g45910.1.MSUv7.0
1901,LOC_Os04g45940.1.MSUv7.0
1902,LOC_Os04g46110.1.MSUv7.0
1903,LOC_Os04g46530.1.MSUv7.0
1904,LOC_Os04g46810.1.MSUv7.0
1905,LOC_Os04g46830.2.MSUv7.0
1906,LOC_Os04g46830.1.MSUv7.0
1907,LOC_Os04g46880.2.MSUv7.0
1908,LOC_Os04g46880.1.MSUv7.0
1909,LOC_Os04g46960.1.MSUv7.0
1910,LOC_Os04g46960.2.MSUv7.0
1911,LOC_Os04g46960.3.MSUv7.0
1912,LOC_Os04g46960.4.MSUv7.0
1913,LOC_Os04g47220.1.MSUv7.0
1914,LOC_Os04g47370.2.MSUv7.0
1915,LOC_Os04g47370.1.MSUv7.0
1916,LOC_Os04g47690.1.MSUv7.0
1917,LOC_Os04g47690.2.MSUv7.0
1918,LOC_Os04g47690.3.MSUv7.0
1919,LOC_Os04g48070.1.MSUv7.0
1920,LOC_Os04g48070.2.MSUv7.0
1921,LOC_Os04g48160.1.MSUv7.0
1922,LOC_Os04g48200.1.MSUv7.0
1923,LOC_Os04g48270.4.MSUv7.0
1924,LOC_Os04g48270.1.MSUv7.0
1925,LOC_Os04g48270.2.MSUv7.0
1926,LOC_Os04g48270.3.MSUv7.0
1927,LOC_Os04g48416.1.MSUv7.0
1928,LOC_Os04g48484.1.MSUv7.0
1929,LOC_Os04g48490.1.MSUv7.0
1930,LOC_Os04g48950.1.MSUv7.0
1931,LOC_Os04g49370.1.MSUv7.0
1932,LOC_Os04g49570.1.MSUv7.0
1933,LOC_Os04g49570.2.MSUv7.0
1934,LOC_Os04g49670.1.MSUv7.0
1935,LOC_Os04g49680.1.MSUv7.0
1936,LOC_Os04g50120.1.MSUv7.0
1937,LOC_Os04g50870.1.MSUv7.0
1938,LOC_Os04g50890.1.MSUv7.0
1939,LOC_Os04g50970.1.MSUv7.0
1940,LOC_Os04g50990.1.MSUv7.0
1941,LOC_Os04g51000.1.MSUv7.0
1942,LOC_Os04g51330.1.MSUv7.0
1943,LOC_Os04g51560.1.MSUv7.0
1944,LOC_Os04g51630.1.MSUv7.0
1945,LOC_Os04g51630.2.MSUv7.0
1946,LOC_Os04g51630.3.MSUv7.0
1947,LOC_Os04g51809.1.MSUv7.0
1948,LOC_Os04g51809.3.MSUv7.0
1949,LOC_Os04g51809.2.MSUv7.0
1950,LOC_Os04g52130.1.MSUv7.0
1951,LOC_Os04g52164.1.MSUv7.0
1952,LOC_Os04g52164.2.MSUv7.0
1953,LOC_Os04g52180.1.MSUv7.0
1954,LOC_Os04g52180.3.MSUv7.0
1955,LOC_Os04g52180.2.MSUv7.0
1956,LOC_Os04g52180.4.MSUv7.0
1957,LOC_Os04g52190.1.MSUv7.0
1958,LOC_Os04g52260.1.MSUv7.0
1959,LOC_Os04g52270.1.MSUv7.0
1960,LOC_Os04g52270.2.MSUv7.0
1961,LOC_Os04g52361.1.MSUv7.0
1962,LOC_Os04g52370.1.MSUv7.0
1963,LOC_Os04g52370.2.MSUv7.0
1964,LOC_Os04g52670.1.MSUv7.0
1965,LOC_Os04g52830.1.MSUv7.0
1966,LOC_Os04g53170.1.MSUv7.0
1967,LOC_Os04g53210.3.MSUv7.0
1968,LOC_Os04g53210.1.MSUv7.0
1969,LOC_Os04g53310.1.MSUv7.0
1970,LOC_Os04g53350.1.MSUv7.0
1971,LOC_Os04g53440.1.MSUv7.0
1972,LOC_Os04g53440.2.MSUv7.0
1973,LOC_Os04g53540.4.MSUv7.0
1974,LOC_Os04g53540.1.MSUv7.0
1975,LOC_Os04g53540.2.MSUv7.0
1976,LOC_Os04g53540.3.MSUv7.0
1977,LOC_Os04g53620.2.MSUv7.0
1978,LOC_Os04g53620.4.MSUv7.0
1979,LOC_Os04g53620.1.MSUv7.0
1980,LOC_Os04g53950.1.MSUv7.0
1981,LOC_Os04g53950.2.MSUv7.0
1982,LOC_Os04g53950.3.MSUv7.0
1983,LOC_Os04g54320.1.MSUv7.0
1984,LOC_Os04g54430.1.MSUv7.0
1985,LOC_Os04g54759.1.MSUv7.0
1986,LOC_Os04g55030.1.MSUv7.0
1987,LOC_Os04g55040.2.MSUv7.0
1988,LOC_Os04g55040.1.MSUv7.0
1989,LOC_Os04g55060.1.MSUv7.0
1990,LOC_Os04g55130.1.MSUv7.0
1991,LOC_Os04g55150.2.MSUv7.0
1992,LOC_Os04g55159.1.MSUv7.0
1993,LOC_Os04g55490.1.MSUv7.0
1994,LOC_Os04g55520.1.MSUv7.0
1995,LOC_Os04g55600.1.MSUv7.0
1996,LOC_Os04g55710.1.MSUv7.0
1997,LOC_Os04g55850.1.MSUv7.0
1998,LOC_Os04g55850.3.MSUv7.0
1999,LOC_Os04g55860.1.MSUv7.0
2000,LOC_Os04g55920.1.MSUv7.0
2001,LOC_Os04g55920.2.MSUv7.0
2002,LOC_Os04g55920.5.MSUv7.0
2003,LOC_Os04g56160.1.MSUv7.0
2004,LOC_Os04g56160.2.MSUv7.0
2005,LOC_Os04g56160.3.MSUv7.0
2006,LOC_Os04g57220.1.MSUv7.0
2007,LOC_Os04g57220.2.MSUv7.0
2008,LOC_Os04g57220.3.MSUv7.0
2009,LOC_Os04g57220.4.MSUv7.0
2010,LOC_Os04g57360.1.MSUv7.0
2011,LOC_Os04g57400.1.MSUv7.0
2012,LOC_Os04g57590.2.MSUv7.0
2013,LOC_Os04g57770.1.MSUv7.0
2014,LOC_Os04g58190.3.MSUv7.0
2015,LOC_Os04g58190.1.MSUv7.0
2016,LOC_Os04g58240.1.MSUv7.0
2017,LOC_Os04g58250.1.MSUv7.0
2018,LOC_Os04g58280.1.MSUv7.0
2019,LOC_Os04g58280.2.MSUv7.0
2020,LOC_Os04g58570.1.MSUv7.0
2021,LOC_Os04g58590.1.MSUv7.0
2022,LOC_Os04g58730.1.MSUv7.0
2023,LOC_Os04g58800.1.MSUv7.0
2024,LOC_Os04g58800.2.MSUv7.0
2025,LOC_Os04g58840.1.MSUv7.0
2026,LOC_Os04g58960.1.MSUv7.0
2027,LOC_Os04g59010.1.MSUv7.0
2028,LOC_Os04g59040.1.MSUv7.0
2029,LOC_Os04g59040.2.MSUv7.0
2030,LOC_Os04g59040.3.MSUv7.0
2031,LOC_Os04g59140.1.MSUv7.0
2032,LOC_Os04g59150.1.MSUv7.0
2033,LOC_Os04g59150.2.MSUv7.0
2034,LOC_Os04g59190.1.MSUv7.0
2035,LOC_Os04g59380.1.MSUv7.0
2036,LOC_Os04g59570.2.MSUv7.0
2037,LOC_Os04g59570.1.MSUv7.0
2038,LOC_Os04g59610.1.MSUv7.0
2039,LOC_Os04g59610.2.MSUv7.0
2040,LOC_Os04g59610.3.MSUv7.0
2041,LOC_Os05g01020.3.MSUv7.0
2042,LOC_Os05g01020.2.MSUv7.0
2043,LOC_Os05g01050.2.MSUv7.0
2044,LOC_Os05g01050.1.MSUv7.0
2045,LOC_Os05g01050.3.MSUv7.0
2046,LOC_Os05g01270.1.MSUv7.0
2047,LOC_Os05g01480.1.MSUv7.0
2048,LOC_Os05g01810.1.MSUv7.0
2049,LOC_Os05g01910.1.MSUv7.0
2050,LOC_Os05g01950.1.MSUv7.0
2051,LOC_Os05g02070.3.MSUv7.0
2052,LOC_Os05g02070.2.MSUv7.0
2053,LOC_Os05g02130.1.MSUv7.0
2054,LOC_Os05g02730.1.MSUv7.0
2055,LOC_Os05g02780.4.MSUv7.0
2056,LOC_Os05g02780.2.MSUv7.0
2057,LOC_Os05g02780.3.MSUv7.0
2058,LOC_Os05g02780.1.MSUv7.0
2059,LOC_Os05g03060.1.MSUv7.0
2060,LOC_Os05g03190.1.MSUv7.0
2061,LOC_Os05g03760.1.MSUv7.0
2062,LOC_Os05g03780.1.MSUv7.0
2063,LOC_Os05g03860.1.MSUv7.0
2064,LOC_Os05g04370.1.MSUv7.0
2065,LOC_Os05g04380.1.MSUv7.0
2066,LOC_Os05g04380.2.MSUv7.0
2067,LOC_Os05g04500.1.MSUv7.0
2068,LOC_Os05g04510.1.MSUv7.0
2069,LOC_Os05g04510.2.MSUv7.0
2070,LOC_Os05g04630.1.MSUv7.0
2071,LOC_Os05g04630.2.MSUv7.0
2072,LOC_Os05g04630.6.MSUv7.0
2073,LOC_Os05g04630.3.MSUv7.0
2074,LOC_Os05g04630.4.MSUv7.0
2075,LOC_Os05g04630.5.MSUv7.0
2076,LOC_Os05g04700.1.MSUv7.0
2077,LOC_Os05g04950.1.MSUv7.0
2078,LOC_Os05g04950.2.MSUv7.0
2079,LOC_Os05g05200.1.MSUv7.0
2080,LOC_Os05g05220.1.MSUv7.0
2081,LOC_Os05g05470.1.MSUv7.0
2082,LOC_Os05g05530.1.MSUv7.0
2083,LOC_Os05g05710.1.MSUv7.0
2084,LOC_Os05g05940.1.MSUv7.0
2085,LOC_Os05g06310.1.MSUv7.0
2086,LOC_Os05g06330.1.MSUv7.0
2087,LOC_Os05g06630.1.MSUv7.0
2088,LOC_Os05g06770.1.MSUv7.0
2089,LOC_Os05g06980.1.MSUv7.0
2090,LOC_Os05g07040.1.MSUv7.0
2091,LOC_Os05g07690.2.MSUv7.0
2092,LOC_Os05g07690.1.MSUv7.0
2093,LOC_Os05g07690.3.MSUv7.0
2094,LOC_Os05g07700.3.MSUv7.0
2095,LOC_Os05g07700.4.MSUv7.0
2096,LOC_Os05g07700.1.MSUv7.0
2097,LOC_Os05g07764.1.MSUv7.0
2098,LOC_Os05g07764.2.MSUv7.0
2099,LOC_Os05g07820.1.MSUv7.0
2100,LOC_Os05g08350.1.MSUv7.0
2101,LOC_Os05g08370.1.MSUv7.0
2102,LOC_Os05g08420.1.MSUv7.0
2103,LOC_Os05g08420.2.MSUv7.0
2104,LOC_Os05g08770.2.MSUv7.0
2105,LOC_Os05g08770.1.MSUv7.0
2106,LOC_Os05g09550.3.MSUv7.0
2107,LOC_Os05g09550.2.MSUv7.0
2108,LOC_Os05g09580.1.MSUv7.0
2109,LOC_Os05g09600.2.MSUv7.0
2110,LOC_Os05g09600.1.MSUv7.0
2111,LOC_Os05g09600.3.MSUv7.0
2112,LOC_Os05g09704.1.MSUv7.0
2113,LOC_Os05g10210.1.MSUv7.0
2114,LOC_Os05g10370.1.MSUv7.0
2115,LOC_Os05g10414.1.MSUv7.0
2116,LOC_Os05g10670.1.MSUv7.0
2117,LOC_Os05g11560.1.MSUv7.0
2118,LOC_Os05g11560.2.MSUv7.0
2119,LOC_Os05g11650.1.MSUv7.0
2120,LOC_Os05g11780.1.MSUv7.0
2121,LOC_Os05g11810.1.MSUv7.0
2122,LOC_Os05g11810.2.MSUv7.0
2123,LOC_Os05g12300.1.MSUv7.0
2124,LOC_Os05g12300.2.MSUv7.0
2125,LOC_Os05g12300.3.MSUv7.0
2126,LOC_Os05g12630.2.MSUv7.0
2127,LOC_Os05g12630.1.MSUv7.0
2128,LOC_Os05g12640.1.MSUv7.0
2129,LOC_Os05g12640.2.MSUv7.0
2130,LOC_Os05g12640.4.MSUv7.0
2131,LOC_Os05g12640.6.MSUv7.0
2132,LOC_Os05g12640.3.MSUv7.0
2133,LOC_Os05g13630.1.MSUv7.0
2134,LOC_Os05g14010.1.MSUv7.0
2135,LOC_Os05g14240.2.MSUv7.0
2136,LOC_Os05g14240.1.MSUv7.0
2137,LOC_Os05g15770.1.MSUv7.0
2138,LOC_Os05g16660.2.MSUv7.0
2139,LOC_Os05g16660.1.MSUv7.0
2140,LOC_Os05g16660.3.MSUv7.0
2141,LOC_Os05g18774.2.MSUv7.0
2142,LOC_Os05g18774.3.MSUv7.0
2143,LOC_Os05g18774.1.MSUv7.0
2144,LOC_Os05g19150.1.MSUv7.0
2145,LOC_Os05g19370.1.MSUv7.0
2146,LOC_Os05g19620.1.MSUv7.0
2147,LOC_Os05g19910.1.MSUv7.0
2148,LOC_Os05g23130.1.MSUv7.0
2149,LOC_Os05g23393.1.MSUv7.0
2150,LOC_Os05g23740.1.MSUv7.0
2151,LOC_Os05g23940.1.MSUv7.0
2152,LOC_Os05g24650.1.MSUv7.0
2153,LOC_Os05g24880.1.MSUv7.0
2154,LOC_Os05g24880.2.MSUv7.0
2155,LOC_Os05g25260.1.MSUv7.0
2156,LOC_Os05g25640.1.MSUv7.0
2157,LOC_Os05g25850.1.MSUv7.0
2158,LOC_Os05g25850.2.MSUv7.0
2159,LOC_Os05g25870.1.MSUv7.0
2160,LOC_Os05g25870.2.MSUv7.0
2161,LOC_Os05g27660.1.MSUv7.0
2162,LOC_Os05g27780.1.MSUv7.0
2163,LOC_Os05g28190.1.MSUv7.0
2164,LOC_Os05g28210.1.MSUv7.0
2165,LOC_Os05g28290.1.MSUv7.0
2166,LOC_Os05g28630.1.MSUv7.0
2167,LOC_Os05g28740.1.MSUv7.0
2168,LOC_Os05g28960.1.MSUv7.0
2169,LOC_Os05g29920.1.MSUv7.0
2170,LOC_Os05g29990.1.MSUv7.0
2171,LOC_Os05g30530.1.MSUv7.0
2172,LOC_Os05g31000.1.MSUv7.0
2173,LOC_Os05g31140.2.MSUv7.0
2174,LOC_Os05g31140.3.MSUv7.0
2175,LOC_Os05g31140.1.MSUv7.0
2176,LOC_Os05g31620.1.MSUv7.0
2177,LOC_Os05g31750.1.MSUv7.0
2178,LOC_Os05g31760.1.MSUv7.0
2179,LOC_Os05g32170.1.MSUv7.0
2180,LOC_Os05g32474.1.MSUv7.0
2181,LOC_Os05g32730.1.MSUv7.0
2182,LOC_Os05g32820.1.MSUv7.0
2183,LOC_Os05g33130.1.MSUv7.0
2184,LOC_Os05g33380.1.MSUv7.0
2185,LOC_Os05g33510.1.MSUv7.0
2186,LOC_Os05g33570.2.MSUv7.0
2187,LOC_Os05g33570.1.MSUv7.0
2188,LOC_Os05g33690.1.MSUv7.0
2189,LOC_Os05g33690.3.MSUv7.0
2190,LOC_Os05g33810.1.MSUv7.0
2191,LOC_Os05g33840.1.MSUv7.0
2192,LOC_Os05g34050.1.MSUv7.0
2193,LOC_Os05g34070.1.MSUv7.0
2194,LOC_Os05g34150.1.MSUv7.0
2195,LOC_Os05g34170.2.MSUv7.0
2196,LOC_Os05g34170.3.MSUv7.0
2197,LOC_Os05g34700.2.MSUv7.0
2198,LOC_Os05g34700.1.MSUv7.0
2199,LOC_Os05g35110.1.MSUv7.0
2200,LOC_Os05g35444.1.MSUv7.0
2201,LOC_Os05g35460.1.MSUv7.0
2202,LOC_Os05g35470.1.MSUv7.0
2203,LOC_Os05g35480.1.MSUv7.0
2204,LOC_Os05g35710.3.MSUv7.0
2205,LOC_Os05g35710.1.MSUv7.0
2206,LOC_Os05g35710.2.MSUv7.0
2207,LOC_Os05g36340.1.MSUv7.0
2208,LOC_Os05g37520.1.MSUv7.0
2209,LOC_Os05g37520.2.MSUv7.0
2210,LOC_Os05g37690.1.MSUv7.0
2211,LOC_Os05g37800.1.MSUv7.0
2212,LOC_Os05g37910.1.MSUv7.0
2213,LOC_Os05g37910.2.MSUv7.0
2214,LOC_Os05g37930.1.MSUv7.0
2215,LOC_Os05g37930.2.MSUv7.0
2216,LOC_Os05g37930.3.MSUv7.0
2217,LOC_Os05g38040.1.MSUv7.0
2218,LOC_Os05g38040.2.MSUv7.0
2219,LOC_Os05g38040.4.MSUv7.0
2220,LOC_Os05g38120.1.MSUv7.0
2221,LOC_Os05g38210.1.MSUv7.0
2222,LOC_Os05g38550.2.MSUv7.0
2223,LOC_Os05g38550.1.MSUv7.0
2224,LOC_Os05g38640.1.MSUv7.0
2225,LOC_Os05g38740.1.MSUv7.0
2226,LOC_Os05g39050.1.MSUv7.0
2227,LOC_Os05g39520.1.MSUv7.0
2228,LOC_Os05g39530.1.MSUv7.0
2229,LOC_Os05g39530.2.MSUv7.0
2230,LOC_Os05g39560.1.MSUv7.0
2231,LOC_Os05g39670.1.MSUv7.0
2232,LOC_Os05g39800.1.MSUv7.0
2233,LOC_Os05g39960.2.MSUv7.0
2234,LOC_Os05g39960.1.MSUv7.0
2235,LOC_Os05g39960.3.MSUv7.0
2236,LOC_Os05g40170.1.MSUv7.0
2237,LOC_Os05g41030.1.MSUv7.0
2238,LOC_Os05g41060.1.MSUv7.0
2239,LOC_Os05g41510.1.MSUv7.0
2240,LOC_Os05g41520.1.MSUv7.0
2241,LOC_Os05g41640.3.MSUv7.0
2242,LOC_Os05g41780.1.MSUv7.0
2243,LOC_Os05g42190.1.MSUv7.0
2244,LOC_Os05g42230.1.MSUv7.0
2245,LOC_Os05g42424.1.MSUv7.0
2246,LOC_Os05g43280.1.MSUv7.0
2247,LOC_Os05g43690.1.MSUv7.0
2248,LOC_Os05g43810.1.MSUv7.0
2249,LOC_Os05g43850.1.MSUv7.0
2250,LOC_Os05g44630.1.MSUv7.0
2251,LOC_Os05g44900.1.MSUv7.0
2252,LOC_Os05g45020.1.MSUv7.0
2253,LOC_Os05g45310.1.MSUv7.0
2254,LOC_Os05g45430.1.MSUv7.0
2255,LOC_Os05g45660.2.MSUv7.0
2256,LOC_Os05g45730.1.MSUv7.0
2257,LOC_Os05g45950.1.MSUv7.0
2258,LOC_Os05g46270.1.MSUv7.0
2259,LOC_Os05g46360.1.MSUv7.0
2260,LOC_Os05g46360.2.MSUv7.0
2261,LOC_Os05g46430.1.MSUv7.0
2262,LOC_Os05g46430.2.MSUv7.0
2263,LOC_Os05g46450.1.MSUv7.0
2264,LOC_Os05g46520.1.MSUv7.0
2265,LOC_Os05g46890.1.MSUv7.0
2266,LOC_Os05g47470.2.MSUv7.0
2267,LOC_Os05g47470.1.MSUv7.0
2268,LOC_Os05g47640.1.MSUv7.0
2269,LOC_Os05g47890.1.MSUv7.0
2270,LOC_Os05g47960.1.MSUv7.0
2271,LOC_Os05g47980.1.MSUv7.0
2272,LOC_Os05g48070.1.MSUv7.0
2273,LOC_Os05g48280.1.MSUv7.0
2274,LOC_Os05g48310.1.MSUv7.0
2275,LOC_Os05g48310.2.MSUv7.0
2276,LOC_Os05g48380.1.MSUv7.0
2277,LOC_Os05g48410.1.MSUv7.0
2278,LOC_Os05g48570.1.MSUv7.0
2279,LOC_Os05g48630.2.MSUv7.0
2280,LOC_Os05g48630.1.MSUv7.0
2281,LOC_Os05g48870.1.MSUv7.0
2282,LOC_Os05g48870.6.MSUv7.0
2283,LOC_Os05g48870.9.MSUv7.0
2284,LOC_Os05g48870.5.MSUv7.0
2285,LOC_Os05g48870.7.MSUv7.0
2286,LOC_Os05g48900.1.MSUv7.0
2287,LOC_Os05g48960.2.MSUv7.0
2288,LOC_Os05g48960.3.MSUv7.0
2289,LOC_Os05g48960.4.MSUv7.0
2290,LOC_Os05g48960.1.MSUv7.0
2291,LOC_Os05g49060.1.MSUv7.0
2292,LOC_Os05g49150.1.MSUv7.0
2293,LOC_Os05g49370.1.MSUv7.0
2294,LOC_Os05g49380.1.MSUv7.0
2295,LOC_Os05g49820.1.MSUv7.0
2296,LOC_Os05g49820.2.MSUv7.0
2297,LOC_Os05g49860.1.MSUv7.0
2298,LOC_Os05g49880.2.MSUv7.0
2299,LOC_Os05g49880.1.MSUv7.0
2300,LOC_Os05g49890.1.MSUv7.0
2301,LOC_Os05g49890.3.MSUv7.0
2302,LOC_Os05g49890.2.MSUv7.0
2303,LOC_Os05g50450.1.MSUv7.0
2304,LOC_Os05g50470.1.MSUv7.0
2305,LOC_Os05g51180.1.MSUv7.0
2306,LOC_Os05g51220.1.MSUv7.0
2307,LOC_Os05g51500.1.MSUv7.0
2308,LOC_Os05g51530.1.MSUv7.0
2309,LOC_Os05g51530.2.MSUv7.0
2310,LOC_Os05g51850.1.MSUv7.0
2311,LOC_Os05g51850.2.MSUv7.0
2312,LOC_Os05g51850.3.MSUv7.0
2313,LOC_Os06g01210.1.MSUv7.0
2314,LOC_Os06g01370.1.MSUv7.0
2315,LOC_Os06g01850.1.MSUv7.0
2316,LOC_Os06g01920.1.MSUv7.0
2317,LOC_Os06g01990.1.MSUv7.0
2318,LOC_Os06g02028.1.MSUv7.0
2319,LOC_Os06g03640.1.MSUv7.0
2320,LOC_Os06g03660.1.MSUv7.0
2321,LOC_Os06g03682.2.MSUv7.0
2322,LOC_Os06g03682.1.MSUv7.0
2323,LOC_Os06g04020.1.MSUv7.0
2324,LOC_Os06g04030.1.MSUv7.0
2325,LOC_Os06g04070.1.MSUv7.0
2326,LOC_Os06g04270.1.MSUv7.0
2327,LOC_Os06g04280.1.MSUv7.0
2328,LOC_Os06g04540.1.MSUv7.0
2329,LOC_Os06g04590.1.MSUv7.0
2330,LOC_Os06g04600.1.MSUv7.0
2331,LOC_Os06g04600.2.MSUv7.0
2332,LOC_Os06g04660.1.MSUv7.0
2333,LOC_Os06g04660.2.MSUv7.0
2334,LOC_Os06g04870.1.MSUv7.0
2335,LOC_Os06g05000.1.MSUv7.0
2336,LOC_Os06g05400.1.MSUv7.0
2337,LOC_Os06g05480.1.MSUv7.0
2338,LOC_Os06g05880.1.MSUv7.0
2339,LOC_Os06g05980.2.MSUv7.0
2340,LOC_Os06g05980.1.MSUv7.0
2341,LOC_Os06g06115.1.MSUv7.0
2342,LOC_Os06g06250.1.MSUv7.0
2343,LOC_Os06g06250.2.MSUv7.0
2344,LOC_Os06g06290.1.MSUv7.0
2345,LOC_Os06g06460.1.MSUv7.0
2346,LOC_Os06g06530.1.MSUv7.0
2347,LOC_Os06g06600.1.MSUv7.0
2348,LOC_Os06g06910.1.MSUv7.0
2349,LOC_Os06g06980.1.MSUv7.0
2350,LOC_Os06g07030.1.MSUv7.0
2351,LOC_Os06g07580.1.MSUv7.0
2352,LOC_Os06g07580.2.MSUv7.0
2353,LOC_Os06g07600.1.MSUv7.0
2354,LOC_Os06g08080.1.MSUv7.0
2355,LOC_Os06g08530.3.MSUv7.0
2356,LOC_Os06g08530.1.MSUv7.0
2357,LOC_Os06g08530.2.MSUv7.0
2358,LOC_Os06g08530.4.MSUv7.0
2359,LOC_Os06g08530.5.MSUv7.0
2360,LOC_Os06g08550.1.MSUv7.0
2361,LOC_Os06g08790.1.MSUv7.0
2362,LOC_Os06g08840.3.MSUv7.0
2363,LOC_Os06g08840.4.MSUv7.0
2364,LOC_Os06g08840.2.MSUv7.0
2365,LOC_Os06g08840.5.MSUv7.0
2366,LOC_Os06g08840.6.MSUv7.0
2367,LOC_Os06g08840.7.MSUv7.0
2368,LOC_Os06g08840.8.MSUv7.0
2369,LOC_Os06g09020.1.MSUv7.0
2370,LOC_Os06g09230.2.MSUv7.0
2371,LOC_Os06g09290.1.MSUv7.0
2372,LOC_Os06g09290.2.MSUv7.0
2373,LOC_Os06g09330.2.MSUv7.0
2374,LOC_Os06g09330.1.MSUv7.0
2375,LOC_Os06g09390.1.MSUv7.0
2376,LOC_Os06g09390.2.MSUv7.0
2377,LOC_Os06g10610.1.MSUv7.0
2378,LOC_Os06g10880.1.MSUv7.0
2379,LOC_Os06g10880.2.MSUv7.0
2380,LOC_Os06g10880.3.MSUv7.0
2381,LOC_Os06g11135.1.MSUv7.0
2382,LOC_Os06g11180.1.MSUv7.0
2383,LOC_Os06g11310.1.MSUv7.0
2384,LOC_Os06g11490.1.MSUv7.0
2385,LOC_Os06g11510.1.MSUv7.0
2386,LOC_Os06g11610.1.MSUv7.0
2387,LOC_Os06g11660.2.MSUv7.0
2388,LOC_Os06g11660.1.MSUv7.0
2389,LOC_Os06g11840.1.MSUv7.0
2390,LOC_Os06g12020.1.MSUv7.0
2391,LOC_Os06g12129.1.MSUv7.0
2392,LOC_Os06g12580.1.MSUv7.0
2393,LOC_Os06g12680.1.MSUv7.0
2394,LOC_Os06g13230.1.MSUv7.0
2395,LOC_Os06g13680.1.MSUv7.0
2396,LOC_Os06g13810.3.MSUv7.0
2397,LOC_Os06g13810.1.MSUv7.0
2398,LOC_Os06g14060.1.MSUv7.0
2399,LOC_Os06g14060.2.MSUv7.0
2400,LOC_Os06g14420.1.MSUv7.0
2401,LOC_Os06g14540.1.MSUv7.0
2402,LOC_Os06g14620.1.MSUv7.0
2403,LOC_Os06g14810.1.MSUv7.0
2404,LOC_Os06g15370.1.MSUv7.0
2405,LOC_Os06g15480.2.MSUv7.0
2406,LOC_Os06g15480.1.MSUv7.0
2407,LOC_Os06g15620.1.MSUv7.0
2408,LOC_Os06g15990.1.MSUv7.0
2409,LOC_Os06g16260.2.MSUv7.0
2410,LOC_Os06g16260.1.MSUv7.0
2411,LOC_Os06g17290.1.MSUv7.0
2412,LOC_Os06g17440.1.MSUv7.0
2413,LOC_Os06g18670.1.MSUv7.0
2414,LOC_Os06g20370.1.MSUv7.0
2415,LOC_Os06g20390.1.MSUv7.0
2416,LOC_Os06g21240.1.MSUv7.0
2417,LOC_Os06g21390.2.MSUv7.0
2418,LOC_Os06g21390.1.MSUv7.0
2419,LOC_Os06g21390.4.MSUv7.0
2420,LOC_Os06g21590.1.MSUv7.0
2421,LOC_Os06g21590.2.MSUv7.0
2422,LOC_Os06g21750.1.MSUv7.0
2423,LOC_Os06g21890.1.MSUv7.0
2424,LOC_Os06g22394.1.MSUv7.0
2425,LOC_Os06g22960.1.MSUv7.0
2426,LOC_Os06g23440.1.MSUv7.0
2427,LOC_Os06g23870.1.MSUv7.0
2428,LOC_Os06g23870.2.MSUv7.0
2429,LOC_Os06g27560.1.MSUv7.0
2430,LOC_Os06g27590.1.MSUv7.0
2431,LOC_Os06g29180.1.MSUv7.0
2432,LOC_Os06g30750.1.MSUv7.0
2433,LOC_Os06g30750.2.MSUv7.0
2434,LOC_Os06g34730.1.MSUv7.0
2435,LOC_Os06g34790.1.MSUv7.0
2436,LOC_Os06g35030.1.MSUv7.0
2437,LOC_Os06g35030.3.MSUv7.0
2438,LOC_Os06g35030.2.MSUv7.0
2439,LOC_Os06g35490.1.MSUv7.0
2440,LOC_Os06g35730.1.MSUv7.0
2441,LOC_Os06g35814.1.MSUv7.0
2442,LOC_Os06g35900.1.MSUv7.0
2443,LOC_Os06g35970.1.MSUv7.0
2444,LOC_Os06g35970.2.MSUv7.0
2445,LOC_Os06g36160.1.MSUv7.0
2446,LOC_Os06g36360.4.MSUv7.0
2447,LOC_Os06g36360.2.MSUv7.0
2448,LOC_Os06g36360.3.MSUv7.0
2449,LOC_Os06g36360.1.MSUv7.0
2450,LOC_Os06g36390.1.MSUv7.0
2451,LOC_Os06g36400.1.MSUv7.0
2452,LOC_Os06g36490.1.MSUv7.0
2453,LOC_Os06g36520.1.MSUv7.0
2454,LOC_Os06g36560.1.MSUv7.0
2455,LOC_Os06g36560.2.MSUv7.0
2456,LOC_Os06g36940.1.MSUv7.0
2457,LOC_Os06g39344.1.MSUv7.0
2458,LOC_Os06g39344.2.MSUv7.0
2459,LOC_Os06g39344.3.MSUv7.0
2460,LOC_Os06g39640.1.MSUv7.0
2461,LOC_Os06g40090.1.MSUv7.0
2462,LOC_Os06g40415.1.MSUv7.0
2463,LOC_Os06g40940.3.MSUv7.0
2464,LOC_Os06g40940.1.MSUv7.0
2465,LOC_Os06g40940.2.MSUv7.0
2466,LOC_Os06g41010.1.MSUv7.0
2467,LOC_Os06g41010.4.MSUv7.0
2468,LOC_Os06g41010.3.MSUv7.0
2469,LOC_Os06g41110.1.MSUv7.0
2470,LOC_Os06g41770.1.MSUv7.0
2471,LOC_Os06g42430.2.MSUv7.0
2472,LOC_Os06g42430.1.MSUv7.0
2473,LOC_Os06g42430.3.MSUv7.0
2474,LOC_Os06g42720.1.MSUv7.0
2475,LOC_Os06g43090.1.MSUv7.0
2476,LOC_Os06g43170.1.MSUv7.0
2477,LOC_Os06g43190.2.MSUv7.0
2478,LOC_Os06g43190.3.MSUv7.0
2479,LOC_Os06g43190.1.MSUv7.0
2480,LOC_Os06g43550.1.MSUv7.0
2481,LOC_Os06g43550.2.MSUv7.0
2482,LOC_Os06g43600.1.MSUv7.0
2483,LOC_Os06g43600.2.MSUv7.0
2484,LOC_Os06g43660.1.MSUv7.0
2485,LOC_Os06g43660.3.MSUv7.0
2486,LOC_Os06g43660.2.MSUv7.0
2487,LOC_Os06g43850.1.MSUv7.0
2488,LOC_Os06g43980.1.MSUv7.0
2489,LOC_Os06g44140.1.MSUv7.0
2490,LOC_Os06g44310.1.MSUv7.0
2491,LOC_Os06g44910.1.MSUv7.0
2492,LOC_Os06g44910.2.MSUv7.0
2493,LOC_Os06g45060.1.MSUv7.0
2494,LOC_Os06g45390.1.MSUv7.0
2495,LOC_Os06g46000.1.MSUv7.0
2496,LOC_Os06g46284.1.MSUv7.0
2497,LOC_Os06g46284.2.MSUv7.0
2498,LOC_Os06g46340.1.MSUv7.0
2499,LOC_Os06g46350.1.MSUv7.0
2500,LOC_Os06g46680.1.MSUv7.0
2501,LOC_Os06g46770.1.MSUv7.0
2502,LOC_Os06g46770.3.MSUv7.0
2503,LOC_Os06g46770.4.MSUv7.0
2504,LOC_Os06g46770.5.MSUv7.0
2505,LOC_Os06g46770.6.MSUv7.0
2506,LOC_Os06g46770.2.MSUv7.0
2507,LOC_Os06g46950.1.MSUv7.0
2508,LOC_Os06g47220.1.MSUv7.0
2509,LOC_Os06g47230.1.MSUv7.0
2510,LOC_Os06g47300.1.MSUv7.0
2511,LOC_Os06g47300.2.MSUv7.0
2512,LOC_Os06g47300.3.MSUv7.0
2513,LOC_Os06g47310.1.MSUv7.0
2514,LOC_Os06g47320.1.MSUv7.0
2515,LOC_Os06g47910.1.MSUv7.0
2516,LOC_Os06g47970.1.MSUv7.0
2517,LOC_Os06g48065.1.MSUv7.0
2518,LOC_Os06g48160.1.MSUv7.0
2519,LOC_Os06g48180.1.MSUv7.0
2520,LOC_Os06g48180.2.MSUv7.0
2521,LOC_Os06g48200.1.MSUv7.0
2522,LOC_Os06g48320.1.MSUv7.0
2523,LOC_Os06g48320.2.MSUv7.0
2524,LOC_Os06g48330.1.MSUv7.0
2525,LOC_Os06g48590.1.MSUv7.0
2526,LOC_Os06g48590.2.MSUv7.0
2527,LOC_Os06g48770.2.MSUv7.0
2528,LOC_Os06g48770.1.MSUv7.0
2529,LOC_Os06g48780.1.MSUv7.0
2530,LOC_Os06g48940.1.MSUv7.0
2531,LOC_Os06g49100.1.MSUv7.0
2532,LOC_Os06g49160.1.MSUv7.0
2533,LOC_Os06g49490.1.MSUv7.0
2534,LOC_Os06g49700.2.MSUv7.0
2535,LOC_Os06g49700.1.MSUv7.0
2536,LOC_Os06g49770.2.MSUv7.0
2537,LOC_Os06g49770.1.MSUv7.0
2538,LOC_Os06g49880.1.MSUv7.0
2539,LOC_Os06g49880.2.MSUv7.0
2540,LOC_Os06g50030.1.MSUv7.0
2541,LOC_Os06g50420.1.MSUv7.0
2542,LOC_Os06g50490.4.MSUv7.0
2543,LOC_Os06g50650.1.MSUv7.0
2544,LOC_Os06g50670.1.MSUv7.0
2545,LOC_Os06g50742.1.MSUv7.0
2546,LOC_Os06g50818.1.MSUv7.0
2547,LOC_Os06g50840.1.MSUv7.0
2548,LOC_Os06g50870.1.MSUv7.0
2549,LOC_Os06g50950.1.MSUv7.0
2550,LOC_Os06g50970.1.MSUv7.0
2551,LOC_Os06g51220.2.MSUv7.0
2552,LOC_Os06g51220.3.MSUv7.0
2553,LOC_Os06g51220.4.MSUv7.0
2554,LOC_Os06g51350.1.MSUv7.0
2555,LOC_Os06g51400.3.MSUv7.0
2556,LOC_Os06g51400.1.MSUv7.0
2557,LOC_Os06g51400.2.MSUv7.0
2558,LOC_Os06g51510.1.MSUv7.0
2559,LOC_Os06g51510.2.MSUv7.0
2560,LOC_Os07g01150.1.MSUv7.0
2561,LOC_Os07g01150.2.MSUv7.0
2562,LOC_Os07g01150.3.MSUv7.0
2563,LOC_Os07g01660.1.MSUv7.0
2564,LOC_Os07g01760.1.MSUv7.0
2565,LOC_Os07g01820.1.MSUv7.0
2566,LOC_Os07g01820.2.MSUv7.0
2567,LOC_Os07g01820.3.MSUv7.0
2568,LOC_Os07g01820.4.MSUv7.0
2569,LOC_Os07g01820.5.MSUv7.0
2570,LOC_Os07g01820.6.MSUv7.0
2571,LOC_Os07g01870.1.MSUv7.0
2572,LOC_Os07g02100.2.MSUv7.0
2573,LOC_Os07g02100.1.MSUv7.0
2574,LOC_Os07g02340.1.MSUv7.0
2575,LOC_Os07g03279.1.MSUv7.0
2576,LOC_Os07g03368.1.MSUv7.0
2577,LOC_Os07g03458.1.MSUv7.0
2578,LOC_Os07g03710.1.MSUv7.0
2579,LOC_Os07g03730.1.MSUv7.0
2580,LOC_Os07g03740.1.MSUv7.0
2581,LOC_Os07g04670.1.MSUv7.0
2582,LOC_Os07g04840.1.MSUv7.0
2583,LOC_Os07g05480.1.MSUv7.0
2584,LOC_Os07g05480.2.MSUv7.0
2585,LOC_Os07g05570.2.MSUv7.0
2586,LOC_Os07g05580.1.MSUv7.0
2587,LOC_Os07g05720.1.MSUv7.0
2588,LOC_Os07g05950.1.MSUv7.0
2589,LOC_Os07g06060.1.MSUv7.0
2590,LOC_Os07g06550.1.MSUv7.0
2591,LOC_Os07g06600.1.MSUv7.0
2592,LOC_Os07g06680.1.MSUv7.0
2593,LOC_Os07g07220.1.MSUv7.0
2594,LOC_Os07g07520.1.MSUv7.0
2595,LOC_Os07g07550.1.MSUv7.0
2596,LOC_Os07g07680.1.MSUv7.0
2597,LOC_Os07g07709.1.MSUv7.0
2598,LOC_Os07g07719.1.MSUv7.0
2599,LOC_Os07g07860.1.MSUv7.0
2600,LOC_Os07g08160.1.MSUv7.0
2601,LOC_Os07g08330.1.MSUv7.0
2602,LOC_Os07g08340.2.MSUv7.0
2603,LOC_Os07g08340.1.MSUv7.0
2604,LOC_Os07g08460.1.MSUv7.0
2605,LOC_Os07g08460.2.MSUv7.0
2606,LOC_Os07g08710.1.MSUv7.0
2607,LOC_Os07g08710.2.MSUv7.0
2608,LOC_Os07g08710.3.MSUv7.0
2609,LOC_Os07g08840.1.MSUv7.0
2610,LOC_Os07g08840.2.MSUv7.0
2611,LOC_Os07g08840.3.MSUv7.0
2612,LOC_Os07g09150.1.MSUv7.0
2613,LOC_Os07g09450.1.MSUv7.0
2614,LOC_Os07g09950.1.MSUv7.0
2615,LOC_Os07g10500.1.MSUv7.0
2616,LOC_Os07g10530.1.MSUv7.0
2617,LOC_Os07g10600.2.MSUv7.0
2618,LOC_Os07g10600.1.MSUv7.0
2619,LOC_Os07g10660.1.MSUv7.0
2620,LOC_Os07g12510.1.MSUv7.0
2621,LOC_Os07g12730.1.MSUv7.0
2622,LOC_Os07g13834.1.MSUv7.0
2623,LOC_Os07g14100.1.MSUv7.0
2624,LOC_Os07g14150.2.MSUv7.0
2625,LOC_Os07g14150.3.MSUv7.0
2626,LOC_Os07g14150.4.MSUv7.0
2627,LOC_Os07g14150.5.MSUv7.0
2628,LOC_Os07g14150.6.MSUv7.0
2629,LOC_Os07g14150.7.MSUv7.0
2630,LOC_Os07g14150.1.MSUv7.0
2631,LOC_Os07g14850.1.MSUv7.0
2632,LOC_Os07g14890.2.MSUv7.0
2633,LOC_Os07g14890.1.MSUv7.0
2634,LOC_Os07g15880.1.MSUv7.0
2635,LOC_Os07g15959.1.MSUv7.0
2636,LOC_Os07g15959.2.MSUv7.0
2637,LOC_Os07g17330.1.MSUv7.0
2638,LOC_Os07g18510.1.MSUv7.0
2639,LOC_Os07g20164.1.MSUv7.0
2640,LOC_Os07g22390.2.MSUv7.0
2641,LOC_Os07g22390.1.MSUv7.0
2642,LOC_Os07g22494.4.MSUv7.0
2643,LOC_Os07g22494.2.MSUv7.0
2644,LOC_Os07g22494.1.MSUv7.0
2645,LOC_Os07g22494.3.MSUv7.0
2646,LOC_Os07g22600.1.MSUv7.0
2647,LOC_Os07g22600.2.MSUv7.0
2648,LOC_Os07g26110.1.MSUv7.0
2649,LOC_Os07g26690.1.MSUv7.0
2650,LOC_Os07g26690.2.MSUv7.0
2651,LOC_Os07g26974.1.MSUv7.0
2652,LOC_Os07g27120.4.MSUv7.0
2653,LOC_Os07g27150.1.MSUv7.0
2654,LOC_Os07g27150.2.MSUv7.0
2655,LOC_Os07g27150.3.MSUv7.0
2656,LOC_Os07g28614.1.MSUv7.0
2657,LOC_Os07g28850.1.MSUv7.0
2658,LOC_Os07g29600.1.MSUv7.0
2659,LOC_Os07g29600.2.MSUv7.0
2660,LOC_Os07g30820.1.MSUv7.0
2661,LOC_Os07g30820.2.MSUv7.0
2662,LOC_Os07g30970.1.MSUv7.0
2663,LOC_Os07g30970.2.MSUv7.0
2664,LOC_Os07g31280.1.MSUv7.0
2665,LOC_Os07g31280.2.MSUv7.0
2666,LOC_Os07g31280.3.MSUv7.0
2667,LOC_Os07g31300.1.MSUv7.0
2668,LOC_Os07g31884.1.MSUv7.0
2669,LOC_Os07g32170.1.MSUv7.0
2670,LOC_Os07g32170.2.MSUv7.0
2671,LOC_Os07g32390.1.MSUv7.0
2672,LOC_Os07g32450.1.MSUv7.0
2673,LOC_Os07g32620.1.MSUv7.0
2674,LOC_Os07g33270.1.MSUv7.0
2675,LOC_Os07g33660.1.MSUv7.0
2676,LOC_Os07g34570.2.MSUv7.0
2677,LOC_Os07g34570.1.MSUv7.0
2678,LOC_Os07g35480.2.MSUv7.0
2679,LOC_Os07g35480.3.MSUv7.0
2680,LOC_Os07g35480.1.MSUv7.0
2681,LOC_Os07g36080.1.MSUv7.0
2682,LOC_Os07g36080.2.MSUv7.0
2683,LOC_Os07g36080.3.MSUv7.0
2684,LOC_Os07g36090.1.MSUv7.0
2685,LOC_Os07g36130.1.MSUv7.0
2686,LOC_Os07g36140.1.MSUv7.0
2687,LOC_Os07g36600.1.MSUv7.0
2688,LOC_Os07g36600.2.MSUv7.0
2689,LOC_Os07g36600.3.MSUv7.0
2690,LOC_Os07g37010.1.MSUv7.0
2691,LOC_Os07g37030.1.MSUv7.0
2692,LOC_Os07g37156.1.MSUv7.0
2693,LOC_Os07g37240.1.MSUv7.0
2694,LOC_Os07g37420.1.MSUv7.0
2695,LOC_Os07g37550.1.MSUv7.0
2696,LOC_Os07g37890.1.MSUv7.0
2697,LOC_Os07g38030.1.MSUv7.0
2698,LOC_Os07g38130.1.MSUv7.0
2699,LOC_Os07g38290.1.MSUv7.0
2700,LOC_Os07g38300.1.MSUv7.0
2701,LOC_Os07g38300.2.MSUv7.0
2702,LOC_Os07g38300.5.MSUv7.0
2703,LOC_Os07g38630.1.MSUv7.0
2704,LOC_Os07g38730.1.MSUv7.0
2705,LOC_Os07g38960.2.MSUv7.0
2706,LOC_Os07g38960.1.MSUv7.0
2707,LOC_Os07g38970.1.MSUv7.0
2708,LOC_Os07g39220.1.MSUv7.0
2709,LOC_Os07g39620.1.MSUv7.0
2710,LOC_Os07g39620.2.MSUv7.0
2711,LOC_Os07g39700.1.MSUv7.0
2712,LOC_Os07g40000.1.MSUv7.0
2713,LOC_Os07g40220.2.MSUv7.0
2714,LOC_Os07g40220.1.MSUv7.0
2715,LOC_Os07g40580.1.MSUv7.0
2716,LOC_Os07g40940.1.MSUv7.0
2717,LOC_Os07g41330.1.MSUv7.0
2718,LOC_Os07g41740.1.MSUv7.0
2719,LOC_Os07g42170.1.MSUv7.0
2720,LOC_Os07g42370.3.MSUv7.0
2721,LOC_Os07g42370.1.MSUv7.0
2722,LOC_Os07g42370.2.MSUv7.0
2723,LOC_Os07g42410.1.MSUv7.0
2724,LOC_Os07g42450.1.MSUv7.0
2725,LOC_Os07g42520.1.MSUv7.0
2726,LOC_Os07g42590.1.MSUv7.0
2727,LOC_Os07g42740.1.MSUv7.0
2728,LOC_Os07g43060.1.MSUv7.0
2729,LOC_Os07g43060.2.MSUv7.0
2730,LOC_Os07g43390.1.MSUv7.0
2731,LOC_Os07g43730.1.MSUv7.0
2732,LOC_Os07g43810.1.MSUv7.0
2733,LOC_Os07g43925.1.MSUv7.0
2734,LOC_Os07g44190.1.MSUv7.0
2735,LOC_Os07g44250.1.MSUv7.0
2736,LOC_Os07g44440.1.MSUv7.0
2737,LOC_Os07g44650.1.MSUv7.0
2738,LOC_Os07g44820.1.MSUv7.0
2739,LOC_Os07g45060.1.MSUv7.0
2740,LOC_Os07g46240.1.MSUv7.0
2741,LOC_Os07g46560.1.MSUv7.0
2742,LOC_Os07g46670.2.MSUv7.0
2743,LOC_Os07g46670.3.MSUv7.0
2744,LOC_Os07g46750.1.MSUv7.0
2745,LOC_Os07g46990.2.MSUv7.0
2746,LOC_Os07g46990.1.MSUv7.0
2747,LOC_Os07g47100.2.MSUv7.0
2748,LOC_Os07g47100.1.MSUv7.0
2749,LOC_Os07g47100.3.MSUv7.0
2750,LOC_Os07g47480.1.MSUv7.0
2751,LOC_Os07g47480.2.MSUv7.0
2752,LOC_Os07g47510.1.MSUv7.0
2753,LOC_Os07g47510.2.MSUv7.0
2754,LOC_Os07g47780.1.MSUv7.0
2755,LOC_Os07g47780.2.MSUv7.0
2756,LOC_Os07g48430.3.MSUv7.0
2757,LOC_Os07g48430.2.MSUv7.0
2758,LOC_Os07g48430.1.MSUv7.0
2759,LOC_Os07g48430.4.MSUv7.0
2760,LOC_Os07g48460.1.MSUv7.0
2761,LOC_Os07g48490.2.MSUv7.0
2762,LOC_Os07g48490.4.MSUv7.0
2763,LOC_Os07g48500.1.MSUv7.0
2764,LOC_Os07g48570.1.MSUv7.0
2765,LOC_Os07g48630.1.MSUv7.0
2766,LOC_Os07g48630.2.MSUv7.0
2767,LOC_Os07g48660.1.MSUv7.0
2768,LOC_Os07g49280.1.MSUv7.0
2769,LOC_Os07g49400.1.MSUv7.0
2770,LOC_Os07g49400.3.MSUv7.0
2771,LOC_Os07g49400.4.MSUv7.0
2772,LOC_Os07g49400.2.MSUv7.0
2773,LOC_Os08g01100.1.MSUv7.0
2774,LOC_Os08g01220.1.MSUv7.0
2775,LOC_Os08g02050.1.MSUv7.0
2776,LOC_Os08g02060.1.MSUv7.0
2777,LOC_Os08g02080.2.MSUv7.0
2778,LOC_Os08g02080.1.MSUv7.0
2779,LOC_Os08g02120.1.MSUv7.0
2780,LOC_Os08g02230.1.MSUv7.0
2781,LOC_Os08g02250.1.MSUv7.0
2782,LOC_Os08g02400.1.MSUv7.0
2783,LOC_Os08g02410.1.MSUv7.0
2784,LOC_Os08g02630.1.MSUv7.0
2785,LOC_Os08g02680.3.MSUv7.0
2786,LOC_Os08g02690.1.MSUv7.0
2787,LOC_Os08g03290.4.MSUv7.0
2788,LOC_Os08g03290.1.MSUv7.0
2789,LOC_Os08g03290.3.MSUv7.0
2790,LOC_Os08g03290.2.MSUv7.0
2791,LOC_Os08g03520.1.MSUv7.0
2792,LOC_Os08g03579.2.MSUv7.0
2793,LOC_Os08g03579.1.MSUv7.0
2794,LOC_Os08g04460.1.MSUv7.0
2795,LOC_Os08g04460.2.MSUv7.0
2796,LOC_Os08g05640.2.MSUv7.0
2797,LOC_Os08g05840.1.MSUv7.0
2798,LOC_Os08g06100.1.MSUv7.0
2799,LOC_Os08g06250.1.MSUv7.0
2800,LOC_Os08g07430.1.MSUv7.0
2801,LOC_Os08g08360.1.MSUv7.0
2802,LOC_Os08g08650.1.MSUv7.0
2803,LOC_Os08g08650.2.MSUv7.0
2804,LOC_Os08g08970.1.MSUv7.0
2805,LOC_Os08g09190.1.MSUv7.0
2806,LOC_Os08g09200.1.MSUv7.0
2807,LOC_Os08g10020.2.MSUv7.0
2808,LOC_Os08g10020.1.MSUv7.0
2809,LOC_Os08g10020.3.MSUv7.0
2810,LOC_Os08g10450.1.MSUv7.0
2811,LOC_Os08g10510.2.MSUv7.0
2812,LOC_Os08g10510.1.MSUv7.0
2813,LOC_Os08g10590.1.MSUv7.0
2814,LOC_Os08g12840.1.MSUv7.0
2815,LOC_Os08g13070.1.MSUv7.0
2816,LOC_Os08g13690.1.MSUv7.0
2817,LOC_Os08g13840.1.MSUv7.0
2818,LOC_Os08g13840.2.MSUv7.0
2819,LOC_Os08g13920.1.MSUv7.0
2820,LOC_Os08g13930.2.MSUv7.0
2821,LOC_Os08g13930.1.MSUv7.0
2822,LOC_Os08g14050.1.MSUv7.0
2823,LOC_Os08g14109.1.MSUv7.0
2824,LOC_Os08g15020.1.MSUv7.0
2825,LOC_Os08g16350.1.MSUv7.0
2826,LOC_Os08g16350.2.MSUv7.0
2827,LOC_Os08g16350.3.MSUv7.0
2828,LOC_Os08g18910.1.MSUv7.0
2829,LOC_Os08g19210.1.MSUv7.0
2830,LOC_Os08g19210.2.MSUv7.0
2831,LOC_Os08g19550.1.MSUv7.0
2832,LOC_Os08g19670.1.MSUv7.0
2833,LOC_Os08g19830.1.MSUv7.0
2834,LOC_Os08g19830.3.MSUv7.0
2835,LOC_Os08g20400.1.MSUv7.0
2836,LOC_Os08g22354.1.MSUv7.0
2837,LOC_Os08g22354.2.MSUv7.0
2838,LOC_Os08g23090.1.MSUv7.0
2839,LOC_Os08g23100.1.MSUv7.0
2840,LOC_Os08g23100.2.MSUv7.0
2841,LOC_Os08g23140.2.MSUv7.0
2842,LOC_Os08g23140.1.MSUv7.0
2843,LOC_Os08g23180.1.MSUv7.0
2844,LOC_Os08g23600.1.MSUv7.0
2845,LOC_Os08g23670.1.MSUv7.0
2846,LOC_Os08g23780.1.MSUv7.0
2847,LOC_Os08g23810.1.MSUv7.0
2848,LOC_Os08g23810.2.MSUv7.0
2849,LOC_Os08g25390.1.MSUv7.0
2850,LOC_Os08g25624.1.MSUv7.0
2851,LOC_Os08g25624.2.MSUv7.0
2852,LOC_Os08g25624.4.MSUv7.0
2853,LOC_Os08g25734.1.MSUv7.0
2854,LOC_Os08g25734.2.MSUv7.0
2855,LOC_Os08g27780.1.MSUv7.0
2856,LOC_Os08g27810.1.MSUv7.0
2857,LOC_Os08g27850.1.MSUv7.0
2858,LOC_Os08g27850.2.MSUv7.0
2859,LOC_Os08g28980.1.MSUv7.0
2860,LOC_Os08g28970.1.MSUv7.0
2861,LOC_Os08g29170.1.MSUv7.0
2862,LOC_Os08g29500.1.MSUv7.0
2863,LOC_Os08g29500.2.MSUv7.0
2864,LOC_Os08g29615.1.MSUv7.0
2865,LOC_Os08g30370.1.MSUv7.0
2866,LOC_Os08g30770.1.MSUv7.0
2867,LOC_Os08g31060.1.MSUv7.0
2868,LOC_Os08g31340.1.MSUv7.0
2869,LOC_Os08g31510.1.MSUv7.0
2870,LOC_Os08g31580.1.MSUv7.0
2871,LOC_Os08g31814.1.MSUv7.0
2872,LOC_Os08g31814.2.MSUv7.0
2873,LOC_Os08g32690.1.MSUv7.0
2874,LOC_Os08g33190.1.MSUv7.0
2875,LOC_Os08g33460.1.MSUv7.0
2876,LOC_Os08g33710.1.MSUv7.0
2877,LOC_Os08g33820.1.MSUv7.0
2878,LOC_Os08g33940.1.MSUv7.0
2879,LOC_Os08g34010.1.MSUv7.0
2880,LOC_Os08g34170.1.MSUv7.0
2881,LOC_Os08g34380.1.MSUv7.0
2882,LOC_Os08g34380.2.MSUv7.0
2883,LOC_Os08g34620.1.MSUv7.0
2884,LOC_Os08g34700.1.MSUv7.0
2885,LOC_Os08g34720.1.MSUv7.0
2886,LOC_Os08g34984.1.MSUv7.0
2887,LOC_Os08g35710.1.MSUv7.0
2888,LOC_Os08g35760.1.MSUv7.0
2889,LOC_Os08g36150.1.MSUv7.0
2890,LOC_Os08g36150.2.MSUv7.0
2891,LOC_Os08g36170.1.MSUv7.0
2892,LOC_Os08g36570.1.MSUv7.0
2893,LOC_Os08g36630.1.MSUv7.0
2894,LOC_Os08g36840.1.MSUv7.0
2895,LOC_Os08g36860.1.MSUv7.0
2896,LOC_Os08g36920.1.MSUv7.0
2897,LOC_Os08g37290.1.MSUv7.0
2898,LOC_Os08g37320.1.MSUv7.0
2899,LOC_Os08g37370.1.MSUv7.0
2900,LOC_Os08g37370.2.MSUv7.0
2901,LOC_Os08g37400.1.MSUv7.0
2902,LOC_Os08g37490.1.MSUv7.0
2903,LOC_Os08g37630.1.MSUv7.0
2904,LOC_Os08g37670.1.MSUv7.0
2905,LOC_Os08g37840.1.MSUv7.0
2906,LOC_Os08g37890.1.MSUv7.0
2907,LOC_Os08g37960.1.MSUv7.0
2908,LOC_Os08g37960.2.MSUv7.0
2909,LOC_Os08g37960.3.MSUv7.0
2910,LOC_Os08g38270.1.MSUv7.0
2911,LOC_Os08g38300.1.MSUv7.0
2912,LOC_Os08g38460.1.MSUv7.0
2913,LOC_Os08g38890.1.MSUv7.0
2914,LOC_Os08g38900.1.MSUv7.0
2915,LOC_Os08g38900.2.MSUv7.0
2916,LOC_Os08g38900.3.MSUv7.0
2917,LOC_Os08g39310.1.MSUv7.0
2918,LOC_Os08g39330.1.MSUv7.0
2919,LOC_Os08g39430.1.MSUv7.0
2920,LOC_Os08g39450.1.MSUv7.0
2921,LOC_Os08g39590.1.MSUv7.0
2922,LOC_Os08g39870.1.MSUv7.0
2923,LOC_Os08g39890.1.MSUv7.0
2924,LOC_Os08g40030.1.MSUv7.0
2925,LOC_Os08g40080.1.MSUv7.0
2926,LOC_Os08g40919.1.MSUv7.0
2927,LOC_Os08g41040.1.MSUv7.0
2928,LOC_Os08g41280.1.MSUv7.0
2929,LOC_Os08g41300.1.MSUv7.0
2930,LOC_Os08g41440.1.MSUv7.0
2931,LOC_Os08g41710.1.MSUv7.0
2932,LOC_Os08g41810.1.MSUv7.0
2933,LOC_Os08g42100.1.MSUv7.0
2934,LOC_Os08g42189.2.MSUv7.0
2935,LOC_Os08g42189.3.MSUv7.0
2936,LOC_Os08g42268.1.MSUv7.0
2937,LOC_Os08g42470.1.MSUv7.0
2938,LOC_Os08g42920.1.MSUv7.0
2939,LOC_Os08g42940.1.MSUv7.0
2940,LOC_Os08g43090.1.MSUv7.0
2941,LOC_Os08g43190.2.MSUv7.0
2942,LOC_Os08g43190.1.MSUv7.0
2943,LOC_Os08g43230.1.MSUv7.0
2944,LOC_Os08g43270.1.MSUv7.0
2945,LOC_Os08g43390.1.MSUv7.0
2946,LOC_Os08g43430.1.MSUv7.0
2947,LOC_Os08g43480.1.MSUv7.0
2948,LOC_Os08g43480.2.MSUv7.0
2949,LOC_Os08g43540.1.MSUv7.0
2950,LOC_Os08g43560.3.MSUv7.0
2951,LOC_Os08g43560.1.MSUv7.0
2952,LOC_Os08g43560.2.MSUv7.0
2953,LOC_Os08g43640.3.MSUv7.0
2954,LOC_Os08g43640.2.MSUv7.0
2955,LOC_Os08g43640.1.MSUv7.0
2956,LOC_Os08g44000.1.MSUv7.0
2957,LOC_Os08g44270.1.MSUv7.0
2958,LOC_Os08g44360.1.MSUv7.0
2959,LOC_Os08g44520.2.MSUv7.0
2960,LOC_Os08g44520.3.MSUv7.0
2961,LOC_Os08g44520.1.MSUv7.0
2962,LOC_Os08g44680.1.MSUv7.0
2963,LOC_Os08g44780.1.MSUv7.0
2964,LOC_Os08g44840.1.MSUv7.0
2965,LOC_Os08g44850.1.MSUv7.0
2966,LOC_Os08g45130.1.MSUv7.0
2967,LOC_Os08g45180.1.MSUv7.0
2968,LOC_Os08g45180.2.MSUv7.0
2969,LOC_Os08g45180.3.MSUv7.0
2970,LOC_Os08g45240.1.MSUv7.0
2971,LOC_Os08g45240.2.MSUv7.0
2972,LOC_Os08g45240.4.MSUv7.0
2973,LOC_Os08g45240.3.MSUv7.0
2974,LOC_Os09g00999.1.MSUv7.0
2975,LOC_Os09g01000.1.MSUv7.0
2976,LOC_Os09g01640.1.MSUv7.0
2977,LOC_Os09g02700.1.MSUv7.0
2978,LOC_Os09g02770.2.MSUv7.0
2979,LOC_Os09g02770.1.MSUv7.0
2980,LOC_Os09g03620.1.MSUv7.0
2981,LOC_Os09g04290.1.MSUv7.0
2982,LOC_Os09g04290.2.MSUv7.0
2983,LOC_Os09g04790.1.MSUv7.0
2984,LOC_Os09g07360.2.MSUv7.0
2985,LOC_Os09g07360.1.MSUv7.0
2986,LOC_Os09g07360.3.MSUv7.0
2987,LOC_Os09g07460.1.MSUv7.0
2988,LOC_Os09g07800.1.MSUv7.0
2989,LOC_Os09g07820.1.MSUv7.0
2990,LOC_Os09g07820.2.MSUv7.0
2991,LOC_Os09g07820.3.MSUv7.0
2992,LOC_Os09g08072.1.MSUv7.0
2993,LOC_Os09g08430.1.MSUv7.0
2994,LOC_Os09g11240.1.MSUv7.0
2995,LOC_Os09g12750.1.MSUv7.0
2996,LOC_Os09g12750.2.MSUv7.0
2997,LOC_Os09g15044.1.MSUv7.0
2998,LOC_Os09g15480.1.MSUv7.0
2999,LOC_Os09g15480.2.MSUv7.0
3000,LOC_Os09g15639.1.MSUv7.0
3001,LOC_Os09g15770.1.MSUv7.0
3002,LOC_Os09g15775.1.MSUv7.0
3003,LOC_Os09g17740.1.MSUv7.0
3004,LOC_Os09g19640.1.MSUv7.0
3005,LOC_Os09g19700.1.MSUv7.0
3006,LOC_Os09g19734.3.MSUv7.0
3007,LOC_Os09g19734.4.MSUv7.0
3008,LOC_Os09g19734.1.MSUv7.0
3009,LOC_Os09g19734.2.MSUv7.0
3010,LOC_Os09g19930.1.MSUv7.0
3011,LOC_Os09g19940.1.MSUv7.0
3012,LOC_Os09g19940.2.MSUv7.0
3013,LOC_Os09g20350.1.MSUv7.0
3014,LOC_Os09g20640.1.MSUv7.0
3015,LOC_Os09g20640.2.MSUv7.0
3016,LOC_Os09g20640.3.MSUv7.0
3017,LOC_Os09g20640.4.MSUv7.0
3018,LOC_Os09g22280.1.MSUv7.0
3019,LOC_Os09g22280.2.MSUv7.0
3020,LOC_Os09g22440.1.MSUv7.0
3021,LOC_Os09g22505.1.MSUv7.0
3022,LOC_Os09g23370.1.MSUv7.0
3023,LOC_Os09g23370.2.MSUv7.0
3024,LOC_Os09g23730.1.MSUv7.0
3025,LOC_Os09g23740.1.MSUv7.0
3026,LOC_Os09g23894.1.MSUv7.0
3027,LOC_Os09g24820.1.MSUv7.0
3028,LOC_Os09g25150.2.MSUv7.0
3029,LOC_Os09g25760.1.MSUv7.0
3030,LOC_Os09g25850.1.MSUv7.0
3031,LOC_Os09g26170.1.MSUv7.0
3032,LOC_Os09g26180.1.MSUv7.0
3033,LOC_Os09g26370.1.MSUv7.0
3034,LOC_Os09g26420.2.MSUv7.0
3035,LOC_Os09g26420.1.MSUv7.0
3036,LOC_Os09g26420.4.MSUv7.0
3037,LOC_Os09g26420.5.MSUv7.0
3038,LOC_Os09g26730.1.MSUv7.0
3039,LOC_Os09g26920.1.MSUv7.0
3040,LOC_Os09g26999.1.MSUv7.0
3041,LOC_Os09g27030.2.MSUv7.0
3042,LOC_Os09g27060.1.MSUv7.0
3043,LOC_Os09g27690.5.MSUv7.0
3044,LOC_Os09g27690.3.MSUv7.0
3045,LOC_Os09g27690.1.MSUv7.0
3046,LOC_Os09g27690.2.MSUv7.0
3047,LOC_Os09g27744.1.MSUv7.0
3048,LOC_Os09g27750.1.MSUv7.0
3049,LOC_Os09g27820.1.MSUv7.0
3050,LOC_Os09g27830.3.MSUv7.0
3051,LOC_Os09g27830.1.MSUv7.0
3052,LOC_Os09g27830.2.MSUv7.0
3053,LOC_Os09g27970.1.MSUv7.0
3054,LOC_Os09g27970.5.MSUv7.0
3055,LOC_Os09g28354.1.MSUv7.0
3056,LOC_Os09g28690.1.MSUv7.0
3057,LOC_Os09g28890.1.MSUv7.0
3058,LOC_Os09g28890.2.MSUv7.0
3059,LOC_Os09g29130.1.MSUv7.0
3060,LOC_Os09g29670.1.MSUv7.0
3061,LOC_Os09g29940.1.MSUv7.0
3062,LOC_Os09g29940.2.MSUv7.0
3063,LOC_Os09g30310.1.MSUv7.0
3064,LOC_Os09g30412.1.MSUv7.0
3065,LOC_Os09g30418.1.MSUv7.0
3066,LOC_Os09g30486.1.MSUv7.0
3067,LOC_Os09g30980.1.MSUv7.0
3068,LOC_Os09g31080.1.MSUv7.0
3069,LOC_Os09g31080.4.MSUv7.0
3070,LOC_Os09g31080.3.MSUv7.0
3071,LOC_Os09g31180.1.MSUv7.0
3072,LOC_Os09g31180.2.MSUv7.0
3073,LOC_Os09g31260.1.MSUv7.0
3074,LOC_Os09g31466.1.MSUv7.0
3075,LOC_Os09g31486.1.MSUv7.0
3076,LOC_Os09g31486.2.MSUv7.0
3077,LOC_Os09g32200.1.MSUv7.0
3078,LOC_Os09g32510.4.MSUv7.0
3079,LOC_Os09g32510.5.MSUv7.0
3080,LOC_Os09g32510.1.MSUv7.0
3081,LOC_Os09g32510.2.MSUv7.0
3082,LOC_Os09g32510.3.MSUv7.0
3083,LOC_Os09g32976.1.MSUv7.0
3084,LOC_Os09g32976.2.MSUv7.0
3085,LOC_Os09g33580.2.MSUv7.0
3086,LOC_Os09g33580.1.MSUv7.0
3087,LOC_Os09g33810.2.MSUv7.0
3088,LOC_Os09g33810.3.MSUv7.0
3089,LOC_Os09g33810.4.MSUv7.0
3090,LOC_Os09g33810.5.MSUv7.0
3091,LOC_Os09g33810.1.MSUv7.0
3092,LOC_Os09g33860.1.MSUv7.0
3093,LOC_Os09g34320.1.MSUv7.0
3094,LOC_Os09g34920.1.MSUv7.0
3095,LOC_Os09g35030.1.MSUv7.0
3096,LOC_Os09g35630.1.MSUv7.0
3097,LOC_Os09g35710.3.MSUv7.0
3098,LOC_Os09g35710.1.MSUv7.0
3099,LOC_Os09g35710.2.MSUv7.0
3100,LOC_Os09g35910.1.MSUv7.0
3101,LOC_Os09g36120.1.MSUv7.0
3102,LOC_Os09g36160.1.MSUv7.0
3103,LOC_Os09g36250.1.MSUv7.0
3104,LOC_Os09g36700.1.MSUv7.0
3105,LOC_Os09g36830.1.MSUv7.0
3106,LOC_Os09g36930.1.MSUv7.0
3107,LOC_Os09g36960.1.MSUv7.0
3108,LOC_Os09g37610.1.MSUv7.0
3109,LOC_Os09g37910.1.MSUv7.0
3110,LOC_Os09g38020.1.MSUv7.0
3111,LOC_Os09g38070.1.MSUv7.0
3112,LOC_Os09g38090.1.MSUv7.0
3113,LOC_Os09g38370.1.MSUv7.0
3114,LOC_Os09g38970.1.MSUv7.0
3115,LOC_Os09g39540.1.MSUv7.0
3116,LOC_Os09g39540.2.MSUv7.0
3117,LOC_Os09g39610.1.MSUv7.0
3118,ChrUn.fgenesh.mRNA.83.MSUv7.0
