,1,2,3,4,5,6,7,8,9,10,11,12,13,14,15,16,17,18,19,20,21,22,23,24,25,26,27,28,29,30,31,32,33,34,35,36,37,38,39,40
A1,1.37E-28,2.48E-22,1.13E-18,4.49E-16,4.64E-14,2.05E-12,5.05E-11,8.10E-10,9.37E-09,8.37E-08,6.07E-07,3.70E-06,1.96E-05,9.12E-05,0.000382822,0.001464103,0.005161977,0.016934462,0.052098134,0.151297025,0.417095744,1.096806401,2.762543817,6.688124522,15.60932834,35.19791939,76.78311939,162.0229272,329.918752,644.4232021,1194.31982,2066.212866,3274.895802,4691.417072,6074.278742,7214.313339,8037.158597,8579.818861,8918.995161,9125.192452
A2,1.81E-25,7.82E-20,1.55E-16,3.38E-14,2.21E-12,6.70E-11,1.20E-09,1.46E-08,1.33E-07,9.54E-07,5.68E-06,2.90E-05,0.000129653,0.000519218,0.001889401,0.006325297,0.019679484,0.057380191,0.157896789,0.412499369,1.028264158,2.456360264,5.643978636,12.51215109,26.83009156,55.75031928,112.3580647,219.543527,414.9377182,754.7079418,1309.719782,2142.809159,3261.839335,4574.788032,5904.104233,7073.014861,7986.568048,8641.051444,9083.764574,9373.207347
A3,4.12E-24,1.01E-18,1.43E-15,2.47E-13,1.34E-11,3.51E-10,5.54E-09,6.05E-08,4.98E-07,3.29E-06,1.81E-05,8.60E-05,0.000360215,0.001357452,0.004667871,0.014821154,0.043874803,0.122066838,0.32132317,0.80483663,1.927456808,4.431510684,9.81552345,21.00443264,43.52144192,87.43890133,170.3968688,321.6994164,586.3990356,1025.542251,1704.522424,2660.96964,3859.405252,5171.799726,6423.548483,7477.324367,8280.2702,8850.097863,9236.390889,9491.410538
A4,8.11E-27,6.38E-21,1.79E-17,5.02E-15,3.97E-13,1.41E-11,2.89E-10,3.95E-09,3.97E-08,3.12E-07,2.02E-06,1.11E-05,5.32E-05,0.000227226,0.000877615,0.003106436,0.010184255,0.031196957,0.089949789,0.245634293,0.638669121,1.588285022,3.792563196,8.724116915,19.38540795,41.69538651,86.91223577,175.5608159,342.979621,644.909999,1156.997572,1955.099384,3064.919059,4402.860599,5778.313762,6989.907648,7927.450846,8587.256811,9023.874868,9302.703763
A5,1.10E-27,1.26E-21,4.41E-18,1.44E-15,1.29E-13,5.05E-12,1.12E-10,1.65E-09,1.77E-08,1.47E-07,1.00E-06,5.78E-06,2.89E-05,0.000128579,0.000515468,0.001889305,0.006400182,0.020220216,0.060028772,0.168532799,0.449907123,1.147360905,2.806439857,6.606559157,15.01055774,32.99011311,70.23367346,144.8683314,289.0405068,555.3434385,1018.836571,1761.559214,2824.126095,4138.804319,5517.135696,6744.177908,7695.054309,8360.498252,8796.455519,9071.460302
A6,1.56E-27,1.65E-21,5.51E-18,1.74E-15,1.52E-13,5.83E-12,1.28E-10,1.85E-09,1.95E-08,1.61E-07,1.08E-06,6.17E-06,3.06E-05,0.000134887,0.000536556,0.001952292,0.00656837,0.020617869,0.060836191,0.169811845,0.45082796,1.14368186,2.783446663,6.521161333,14.74929901,32.27746571,68.44690402,140.7026644,280.0151227,537.4108199,987.164344,1714.816831,2773.843373,4117.560971,5570.620237,6906.473819,7971.980633,8735.081719,9243.702363,9568.555495
A7,7.08E-23,1.35E-17,1.65E-14,2.57E-12,1.29E-10,3.15E-09,4.70E-08,4.89E-07,3.86E-06,2.45E-05,0.000130335,0.000599564,0.002440785,0.008954008,0.030029109,0.093139981,0.269719131,0.734972154,1.896925541,4.662540118,10.96368643,24.75337716,53.80384377,112.7480897,227.7047049,441.9053117,818.7309454,1432.509649,2333.443084,3490.224134,4760.978662,5951.205453,6919.435883,7626.27777,8105.89768,8417.355844,8615.011778,8739.272141,8817.306009,8866.496591
A8,1.47E-23,3.87E-18,5.74E-15,1.02E-12,5.67E-11,1.51E-09,2.43E-08,2.69E-07,2.25E-06,1.50E-05,8.33E-05,0.000399327,0.001688005,0.006412106,0.022213646,0.071022881,0.211621752,0.592380186,1.56832277,3.949195053,9.502874771,21.9342494,48.70109015,104.1822216,214.6898786,424.9812932,802.7829898,1430.812639,2369.559196,3591.169595,4941.334592,6203.046854,7219.789404,7951.764697,8440.602259,8752.953276,8948.102589,9068.984116,9143.842456,9190.410634
A9,2.59E-23,6.12E-18,8.52E-15,1.45E-12,7.78E-11,2.02E-09,3.16E-08,3.43E-07,2.81E-06,1.84E-05,0.000100872,0.000476847,0.001990482,0.007473515,0.025611383,0.0810596,0.239235911,0.66368561,1.742218367,4.351782167,10.39129838,23.80883623,52.49025335,111.522526,228.2961901,449.0173707,842.9839553,1493.99676,2462.474438,3719.392359,5108.739399,6410.929022,7465.65452,8229.672153,8743.168802,9073.282019,9280.698296,9409.849929,9490.217136,9540.438895
A10,-192.7011198,-171.958157,-118.7037051,-79.66768519,-33.30973934,-5.031071698,19.99601948,21.90078912,-3.555997562,-11.36961491,-35.87936124,-69.68635021,-71.4329235,-49.25336674,-29.83797065,-15.37155517,12.55865293,36.38003133,46.16255198,23.33952085,6.961922365,7.496369515,-0.618676022,58.94866561,27.81177461,45.98511552,63.35251013,80.38640972,114.24043,141.0226457,174.4448327,187.2288085,195.4379168,254.8320975,237.4796674,263.8642544,266.6968243,267.9303283,277.3836295,270.076668
A11,-189.7898793,-141.7195647,-112.8016983,-81.26717863,-39.43706903,-28.20940329,-11.38500698,33.8612888,45.17019051,98.1061119,115.4328885,189.1930087,206.3957936,198.9520137,212.4521487,178.8803165,202.60977,217.1959016,229.3855722,237.6374362,232.6585266,196.2648134,147.2089783,120.9419698,136.614098,164.4929992,197.3166054,202.8128599,219.0835689,233.8792039,260.7041753,259.8811266,217.242933,238.9863808,300.7364046,521.9654582,822.910511,1206.10698,1592.45455,1935.958698
A12,-39.41483603,-20.93792914,-27.88360431,-21.42534494,-9.979624757,6.887527321,-20.22604553,7.907252485,15.41089048,34.29825279,19.78053039,0.598153251,9.130067566,15.62466934,21.38173405,23.73971488,18.70522272,63.20756807,71.17083061,69.06297105,76.48751087,90.85345028,126.3599812,120.9128958,134.1244294,179.858141,213.5625161,198.0635487,205.5244309,223.7704567,280.0391905,283.7974229,271.0711673,264.2473461,266.3573434,280.4432325,255.3156653,223.4198593,253.0987785,262.5242885
B1,1.19E-15,1.29E-11,2.98E-09,1.41E-07,2.81E-06,3.25E-05,0.000256562,0.001538212,0.007466301,0.030678375,0.110157276,0.353871676,1.035299069,2.796834247,7.052750986,16.74388061,37.67402422,80.72757626,165.2241749,323.2121071,603.0077614,1067.043082,1775.280708,2748.624852,3928.373088,5174.728671,6326.491281,7275.015718,7990.360683,8498.315824,8845.883657,9078.984276,9233.982438,9336.92113,9405.510486,9451.484865,9482.530776,9503.668389,9518.183183,9528.236109
B2,3.15E-14,1.77E-10,2.77E-08,9.98E-07,1.61E-05,0.000155857,0.001063535,0.005613295,0.024348793,0.090473889,0.296609896,0.876860115,2.376449718,5.980253828,14.11318794,31.47753751,66.73652758,135.0251223,261.1942791,482.8113534,849.9896793,1416.447379,2216.289416,3231.208866,4372.725774,5507.141997,6513.105976,7325.231585,7936.726363,8376.022814,8682.689721,8893.508495,9037.529769,9135.881251,9203.268438,9249.697079,9281.905206,9304.417113,9320.275443,9331.535201
B3,7.70E-16,9.16E-12,2.22E-09,1.09E-07,2.24E-06,2.64E-05,0.000212968,0.001298597,0.006397864,0.02664101,0.096820664,0.314471178,0.929387678,2.534335864,6.446616462,15.42899216,34.97555307,75.45437147,155.3400638,305.2613099,570.9588938,1009.850318,1672.51921,2565.88807,3619.176136,4695.249589,5655.415625,6420.988731,6982.879001,7373.384369,7636.213354,7810.271713,7924.882014,8000.406251,8050.407006,8083.739401,8106.141064,8121.327909,8131.715438,8138.883459
B4,8.70E-14,4.15E-10,5.89E-08,1.98E-06,3.03E-05,0.000280807,0.001847039,0.009443192,0.039827672,0.144318511,0.462501051,1.339171763,3.560534682,8.801543964,20.42493335,44.82584432,93.53766494,186.1940364,353.913849,641.2823383,1102.581697,1785.877471,2702.90119,3799.469557,4957.515367,6041.529839,6955.347353,7665.308292,8186.040154,8554.160771,8808.95936,8983.550563,9102.850327,9184.521515,9240.697577,9279.585826,9306.704902,9325.764713,9339.267324,9348.909175
B5,9.41E-16,1.18E-11,2.95E-09,1.48E-07,3.09E-06,3.70E-05,0.000301885,0.00185956,0.009243975,0.038801817,0.142041249,0.464404051,1.380842499,3.786436681,9.680740186,23.27486653,52.96224595,114.5613821,236.0215186,462.6405276,858.6454787,1495.516165,2415.941618,3581.658273,4853.59816,6049.343299,7036.290034,7773.652094,8288.558284,8633.759019,8860.296577,9007.700452,9103.563656,9166.17315,9207.350233,9234.660946,9252.940973,9265.291733,9273.714875,9279.512385
B6,2.25E-14,1.48E-10,2.53E-08,9.71E-07,1.64E-05,0.00016603,0.001172651,0.006376619,0.028397343,0.108030254,0.361786944,1.090517616,3.008687697,7.696737665,18.44088169,41.70013613,89.49117611,182.8756678,356.125181,659.3680313,1154.109555,1893.120248,2882.506091,4047.785497,5245.352816,6327.082727,7203.973053,7859.642341,8324.037,8642.391913,8856.935001,9000.55646,9096.696057,9161.309183,9205.01164,9234.798843,9255.27172,9269.464397,9279.388482,9286.386879
B7,8.08E-12,1.99E-08,1.91E-06,4.88E-05,0.000602842,0.004699653,0.026676182,0.120036878,0.452332599,1.481835738,4.33401769,11.53917906,28.37282516,65.10701645,140.4202259,285.7086302,548.4432633,989.3833554,1664.974415,2590.758428,3704.344982,4869.840476,5938.356892,6814.594603,7475.638256,7947.224518,8272.57219,8493.180684,8641.802931,8741.966146,8809.777343,8856.006032,8887.782798,8909.820736,8925.244478,8936.137586,8943.899677,8949.478671,8953.5221,8956.476155
B8,6.07E-13,2.69E-09,3.65E-07,1.19E-05,0.000177856,0.001618916,0.010475617,0.052803086,0.219929794,0.788019812,2.499552768,7.167811782,18.87601144,46.18033242,105.8077235,228.0554282,462.6176757,879.4632006,1552.843944,2516.979891,3710.355096,4970.14733,6111.73064,7022.549581,7684.907984,8138.738084,8439.427471,8635.563993,8762.965361,8845.941109,8900.341871,8936.322321,8960.354589,8976.571512,8987.627646,8995.241798,9000.537142,9004.254773,9006.888502,9008.77059
B9,2.72E-11,5.16E-08,4.27E-06,9.80E-05,0.00111329,0.008109286,0.043461881,0.186080728,0.671105285,2.113885509,5.966682192,15.37788882,36.69403021,81.88571341,172.0657217,341.6870217,641.3836192,1134.327963,1878.192289,2889.576319,4108.195799,5398.707836,6605.786887,7620.667938,8406.832614,8982.207594,9388.608447,9670.076488,9863.336388,9995.833989,10086.94706,10149.96097,10193.85949,10224.68971,10246.52569,10262.12373,10273.36011,10281.5213,10287.49634,10291.90454
B10,-154.5081783,-128.1133574,-79.14450148,-38.83663731,-7.815688745,-15.66726107,19.12146357,9.390080889,-5.028594647,7.950659944,6.759977462,87.07803517,112.6634367,134.4280522,107.7600268,93.81640092,95.04378252,134.2996053,114.9183935,148.0760463,189.9884774,242.6170509,247.4327907,243.6915195,242.28472,250.5338661,235.5483931,250.8396921,211.8101805,211.1883344,232.4513953,198.6943237,171.4003744,135.8593178,139.1663161,249.4349314,471.4156607,744.1940853,1053.314831,1344.722135
B11,7.43E-29,8.15E-23,2.78E-19,8.93E-17,7.86E-15,3.05E-13,6.72E-12,9.79E-11,1.04E-09,8.62E-09,5.83E-08,3.34E-07,1.67E-06,7.37E-06,2.94E-05,0.000107365,0.000362352,0.001140762,0.003375386,0.0094467,0.025143405,0.063941698,0.155997095,0.366394504,0.831024864,1.825035799,3.889723319,8.06097321,16.26737343,31.99622769,61.34319485,114.505793,207.4966341,363.049342,608.1754516,964.62888,1431.628053,1971.279807,2515.620761,2997.60952
B12,-150.2119349,-104.7723108,-91.86849332,-47.50945434,-19.16550251,7.486212222,-8.906060305,-13.16723563,33.75258622,60.30439781,37.54686721,77.46327412,64.08644576,73.98501331,89.54951685,138.2900227,181.6235252,204.556396,240.8212408,272.8065606,374.3795239,396.9678308,376.2552566,343.8030424,319.5775471,288.6034919,282.8050313,244.4238708,220.408376,279.2615276,311.1387889,322.0934755,357.1105502,349.040822,316.6925887,325.3189202,392.3029652,464.8734314,556.4316133,683.8978429
C1,5.35E-17,7.84E-13,2.14E-10,1.15E-08,2.52E-07,3.14E-06,2.65E-05,0.000168299,0.000858946,0.003691382,0.013804117,0.046020448,0.139318173,0.388497808,1.009272019,2.464984113,5.701718995,12.56547795,26.50998373,53.73806647,104.9212935,197.5219376,358.2991223,624.5017943,1040.420428,1644.638319,2446.657472,3403.687995,4420.550642,5383.99849,6208.501861,6858.862226,7342.296548,7687.716944,7928.678177,8094.641563,8208.368897,8286.29401,8339.85221,8376.848149
C2,4.37E-18,1.08E-13,4.01E-11,2.67E-09,6.93E-08,9.92E-07,9.41E-06,6.60E-05,0.000368267,0.001713561,0.006885585,0.024512444,0.078825292,0.23244876,0.636148216,1.631281123,3.950263759,9.090966561,19.9850652,42.13441743,85.42810726,166.7886312,313.4003212,565.0999356,972.1321502,1581.916632,2411.081059,3414.455815,4482.101487,5482.472324,6320.665503,6964.012325,7428.139596,7749.942659,7968.032032,8114.204975,8211.846603,8277.16715,8321.060446,8350.738464
C3,1.33E-17,2.66E-13,8.73E-11,5.32E-09,1.29E-07,1.74E-06,1.58E-05,0.000106257,0.000571618,0.002575039,0.010048629,0.034829043,0.109279487,0.31499861,0.843969389,2.121632209,5.042493252,11.40082708,24.64277608,51.11397706,101.9932379,195.9796279,362.280213,642.0927708,1084.390671,1730.102954,2583.621178,3587.168475,4627.37637,5582.056173,6371.099177,6972.599443,7405.969727,7707.221855,7912.415798,8050.840607,8143.980179,8206.765443,8249.282767,8278.25312
C4,1.39E-26,1.03E-20,2.79E-17,7.61E-15,5.90E-13,2.06E-11,4.17E-10,5.63E-09,5.59E-08,4.36E-07,2.80E-06,1.53E-05,7.27E-05,0.000308307,0.001183549,0.00416554,0.013583592,0.041400564,0.118800848,0.322950237,0.836055017,2.070434857,4.923378488,11.27718066,24.94118044,53.33920873,110.3128651,220.1778107,421.9077178,768.7614346,1313.1284,2068.171582,2965.856612,3866.733113,4636.719477,5214.29272,5609.367496,5864.518069,6024.186077,6122.676297
C5,3.77E-26,2.24E-20,5.33E-17,1.33E-14,9.58E-13,3.16E-11,6.08E-10,7.87E-09,7.53E-08,5.68E-07,3.54E-06,1.88E-05,8.71E-05,0.00036062,0.001354218,0.00466904,0.014933699,0.044692648,0.126053583,0.337102901,0.859216105,2.096480867,4.91537764,11.10856669,24.25842765,51.27217752,104.936221,207.7069072,396.0803711,722.2098281,1244.466883,1996.572707,2941.890997,3957.452895,4888.845029,5633.074735,6168.785654,6528.392195,6759.953061,6905.87012
C6,2.51E-27,2.53E-21,8.22E-18,2.55E-15,2.18E-13,8.27E-12,1.79E-10,2.56E-09,2.68E-08,2.19E-07,1.47E-06,8.32E-06,4.11E-05,0.00017998,0.00071239,0.002580093,0.008642862,0.027018479,0.079413019,0.220848364,0.584258805,1.477146551,3.583069767,8.366322941,18.85435786,41.08563562,86.63329081,176.5887232,346.6783842,650.540276,1152.357568,1895.418181,2849.131044,3884.1084,4831.078356,5578.002129,6105.149151,6451.043342,6668.633203,6802.663441
C7,-87.94254383,-92.60382375,-106.8819106,-121.9899772,-87.20794073,-45.81650562,17.51764595,39.93521636,75.57158405,91.11188949,84.43349497,98.21643498,122.0768308,155.9862724,179.2683205,170.0979575,173.3022069,155.2192007,203.7740307,217.3195437,230.4064371,244.5871181,300.5955315,332.071854,322.3434361,290.3212345,312.5338466,317.2539759,339.5741404,318.3924078,323.3519934,336.412506,336.3151001,381.69612,377.9236693,356.429426,367.8847699,339.4462951,319.8555261,304.3923337
C8,-84.36490496,-49.19121546,-4.031388193,6.242908808,-12.78371744,7.091152171,24.53493195,-5.184025108,-13.65834158,41.85086644,81.34897365,140.0989583,191.4460919,219.7303407,236.0377178,252.5013504,254.5387579,245.7417843,233.166272,234.4122563,213.8190179,197.6658668,218.5452351,206.3634052,208.9081353,215.7671366,237.3790788,257.4041159,267.6033291,310.202192,330.5458276,354.3899892,356.5450955,310.0702881,298.0487721,288.2026554,257.1950989,243.0448574,266.7226171,289.150334
C9,-12.52153313,-11.47441931,-12.76098939,-14.69287379,-18.28877628,-29.40725806,-15.33412954,30.90122161,32.12894227,67.61717177,50.29920799,56.34243463,87.12473983,106.612015,117.2211449,107.6144844,126.6532864,154.4829741,139.2125643,148.6162958,168.0508094,192.2582139,257.9788109,263.9428952,313.356115,337.5046701,338.5355496,330.1850198,315.1337734,286.7379136,308.2646255,345.6461829,409.8448122,400.6257462,440.0244182,480.6203715,517.4479326,563.6893716,611.1159162,649.1691687
C10,7.25E-35,1.85E-27,3.98E-23,4.72E-20,1.14E-17,1.02E-15,4.51E-14,1.21E-12,2.19E-11,2.92E-10,3.05E-09,2.59E-08,1.86E-07,1.15E-06,6.29E-06,3.08E-05,0.000136814,0.000558378,0.002111998,0.007461325,0.024784982,0.07785725,0.232433463,0.662297597,1.807894855,4.742595694,11.98505495,29.21899026,68.70079934,155.2503763,334.1656022,673.1092558,1234.751259,2002.615856,2830.185391,3531.37119,4019.771617,4318.379567,4488.150351,4581.471692
C11,1.04E-33,1.09E-26,1.38E-22,1.13E-19,2.05E-17,1.44E-15,5.23E-14,1.18E-12,1.83E-11,2.14E-10,1.97E-09,1.50E-08,9.68E-08,5.45E-07,2.72E-06,1.22E-05,5.03E-05,0.000190756,0.000672736,0.002223968,0.006935393,0.020513049,0.057816078,0.155921445,0.403792623,1.007321567,2.427269283,5.662511156,12.81236192,28.14948186,60.05654452,124.2090715,247.8711244,472.9307824,849.9238767,1410.664785,2122.687122,2873.827822,3532.468497,4026.826128
C12,-150.854603,-165.6805983,-143.1432997,-117.7974633,-61.74643481,-35.87907082,7.592386885,43.25107677,46.78204197,76.28589425,115.9544619,95.25570037,110.8142694,92.82461054,88.06592469,75.36865502,64.67835349,51.49405414,61.01751372,115.2746496,180.033363,218.6101724,260.9411689,259.837235,265.1397706,285.0836361,275.6048209,266.4101064,248.710636,280.0631718,324.831346,328.6180018,333.4375664,291.4901057,260.4622564,268.5956521,292.6711527,306.8843023,330.2698442,439.3015849
D1,4.44E-14,2.45E-10,3.79E-08,1.35E-06,2.17E-05,0.000209244,0.00142205,0.007479148,0.032341708,0.119839924,0.391894941,1.155871686,3.125861132,7.849827529,18.48668698,41.13852465,86.98004913,175.3315316,337.3184729,618.341657,1074.851548,1758.36309,2683.629552,3795.99206,4972.172599,6069.974883,6989.686389,7698.338063,8213.355795,8574.064228,8821.496834,8989.604736,9103.560858,9180.991216,9233.875361,9270.240582,9295.439113,9313.041471,9325.438727,9334.241404
D2,5.82E-13,1.86E-09,2.08E-07,5.92E-06,7.95E-05,0.000663791,0.003992314,0.018888269,0.074396692,0.253580851,0.768884925,2.116500021,5.371055342,12.71474742,28.33385464,59.84489178,120.3826254,231.2662288,424.5049344,742.9960139,1234.295162,1933.48605,2836.912511,3882.826866,4962.069453,5960.351008,6801.111769,7459.48408,7949.114396,8301.284978,8549.694903,8723.239385,8844.126,8928.450853,8987.515488,9029.126778,9058.640065,9079.724393,9094.899231,9105.902375
D3,5.25E-13,1.68E-09,1.88E-07,5.36E-06,7.21E-05,0.000602046,0.003622738,0.017147066,0.067563953,0.230369508,0.698722476,1.923929029,4.883795675,11.56496895,25.78188217,54.48533739,109.6973302,211.03999,388.2872911,682.1567312,1139.704039,1799.79464,2668.53831,3697.215785,4785.301444,5816.679443,6704.496501,7412.298632,7946.005453,8333.792016,8609.309942,8802.769893,8938.002947,9032.563817,9098.908567,9145.702212,9178.917149,9202.658607,9219.751991,9232.14921
D4,2.50E-15,2.39E-11,5.11E-09,2.29E-07,4.39E-06,4.89E-05,0.000375906,0.002198365,0.01043901,0.042059187,0.148363651,0.468933913,1.351550619,3.600634637,8.960916135,21.00520893,46.66338346,98.64391254,198.7683829,381.3045632,693.0562102,1183.512203,1878.617506,2746.164078,3685.770304,4569.748697,5305.1126,5861.482537,6255.866214,6524.440201,6703.425421,6821.614502,6899.556525,6951.136777,6985.486923,7008.542696,7024.151707,7034.814018,7042.162904,7047.272992
D5,2.41E-15,2.37E-11,5.13E-09,2.33E-07,4.49E-06,5.04E-05,0.000389577,0.00228981,0.010921612,0.044178686,0.156401002,0.495961732,1.433771028,3.830375569,9.557571637,22.45870951,50.00760898,105.9445258,213.9204234,411.1640973,748.6346813,1280.301826,2034.430795,2975.642959,3994.097068,4950.613048,5744.562893,6343.834699,6767.654294,7055.666141,7247.242436,7373.531633,7456.688207,7511.642542,7548.192435,7572.695041,7589.26464,7600.570812,7608.355358,7613.762956
D6,1.61E-14,1.06E-10,1.82E-08,6.98E-07,1.18E-05,0.000119504,0.000844426,0.004593624,0.020464177,0.077875009,0.260873615,0.786552105,2.170649401,5.554573657,13.31365357,30.12417401,64.71481909,132.4866337,258.8358818,481.9059704,851.1323096,1415.151254,2194.592878,3150.226516,4177.435447,5147.20818,5964.361607,6594.452356,7050.997887,7369.024948,7585.705532,7731.829017,7830.124865,7896.403488,7941.330194,7971.996361,7993.093796,8007.728884,8017.966688,8025.188323
D7,-2.737086472,-73.2200687,-81.57359249,-90.32385356,-87.49860325,-26.2247348,46.59859662,17.76100621,49.36373522,42.36673232,26.38904014,-2.390442284,47.32995574,49.27356766,108.3693885,198.4708288,202.7447713,184.6150799,261.7504246,271.9593964,354.2262773,351.6074105,370.244044,338.4810171,329.9912401,304.7262889,242.7410985,195.8900327,226.0440696,245.9450526,285.3603,270.1199781,254.1182413,233.0971767,258.8029471,300.3221043,324.5130597,326.4426455,367.2665107,381.0020361
D8,-117.751624,-127.0468979,-99.37547467,-91.202286,-49.80735963,-32.70557849,-45.8780576,36.21850675,92.17248898,93.75142319,151.8694269,110.9553942,82.52455972,89.15688492,130.9365262,149.1724149,141.762645,233.2005689,288.7257542,307.3844286,360.7956856,312.9267282,266.7048316,307.5166744,320.9656674,290.2345581,301.0827178,313.3054319,312.0631233,316.2589206,301.7239094,284.4237596,306.8514381,319.7814667,289.4911767,262.322688,303.4290782,292.2462966,309.1998022,355.6421084
D9,-86.21461715,-58.11840448,-1.763677535,-2.933852132,22.16278627,-0.03646777,-31.6071372,-14.11062251,23.59144121,20.39349831,49.38136799,101.7466812,118.2693862,103.6943006,105.5317151,63.758085,67.89577428,39.74946853,43.90719505,31.35587026,42.97947101,84.46256121,94.2146841,115.4601657,97.45871265,114.4382666,123.9459352,86.32201674,138.7354193,158.8207449,165.2907685,174.9126494,206.6616502,206.7097396,216.023047,229.0712952,203.3675286,183.4645418,214.6324628,205.3432001
D10,1.45E-32,1.07E-25,1.11E-21,7.89E-19,1.28E-16,8.21E-15,2.76E-13,5.82E-12,8.54E-11,9.45E-10,8.32E-09,6.05E-08,3.76E-07,2.04E-06,9.84E-06,4.29E-05,0.000171048,0.000630162,0.002163509,0.006972373,0.021222677,0.06133727,0.169102538,0.446491352,1.132982126,2.771295432,6.550651601,14.9923761,33.26076968,71.51611937,148.6917217,297.2032906,564.8128572,1003.118536,1630.286059,2384.294697,3130.732314,3746.295472,4185.651073,4470.073723
D11,3.46E-30,8.98E-24,5.07E-20,2.33E-17,2.70E-15,1.31E-13,3.50E-12,6.03E-11,7.41E-10,7.00E-09,5.33E-08,3.40E-07,1.87E-06,9.08E-06,3.95E-05,0.000156194,0.000568343,0.001920806,0.006077913,0.018128346,0.051262429,0.138111666,0.356051719,0.881579429,2.103155807,4.847664532,10.81968487,23.42156321,49.20938517,100.2815015,197.6455972,374.4023037,674.3654699,1137.289977,1765.426773,2492.526848,3201.425523,3790.937685,4222.939331,4512.999683
D12,26.05642202,25.94621722,22.45372694,42.87768185,40.35699753,33.32793505,23.29128342,-43.49082128,-53.48539472,-29.88754159,17.93733389,41.45303435,57.17224619,70.97990569,23.9344787,15.6230331,-13.71148077,-42.144319,-13.7395329,46.45633224,122.8322657,165.5496496,207.1188999,232.6944283,255.6811457,281.6814635,322.3891126,326.8874722,310.5591283,303.7865425,267.7776252,269.7192334,300.2539777,307.4693865,334.3132719,344.8748991,399.0976642,396.7052181,377.2170022,351.7075967
E1,5.11E-32,3.23E-25,3.07E-21,2.04E-18,3.16E-16,1.94E-14,6.33E-13,1.29E-11,1.85E-10,2.00E-09,1.72E-08,1.23E-07,7.50E-07,4.00E-06,1.90E-05,8.17E-05,0.000321489,0.001169479,0.003967235,0.012640556,0.038061265,0.108873796,0.297209934,0.777357326,1.954734316,4.739672794,11.10891838,25.21553302,55.48546631,118.3202409,243.8841371,482.8878865,907.9095239,1592.836254,2554.414918,3687.617041,4789.800895,5687.37339,6323.721388,6734.896753
E2,5.66E-36,1.90E-28,4.79E-24,6.37E-21,1.69E-18,1.61E-16,7.59E-15,2.14E-13,4.06E-12,5.66E-11,6.13E-10,5.40E-09,3.99E-08,2.55E-07,1.43E-06,7.17E-06,3.27E-05,0.000136314,0.000526704,0.001898788,0.006429966,0.02057275,0.062505515,0.181132053,0.502565109,1.339578401,3.440200459,8.532753678,20.47686664,47.58466334,106.9877734,231.8463884,479.932568,933.450329,1664.433266,2650.52999,3719.340581,4646.080208,5313.231253,5735.655738
E3,2.61E-32,2.04E-25,2.19E-21,1.59E-18,2.63E-16,1.71E-14,5.83E-13,1.24E-11,1.84E-10,2.05E-09,1.82E-08,1.33E-07,8.34E-07,4.55E-06,2.21E-05,9.67E-05,0.00038761,0.001434615,0.00494697,0.016008876,0.048920613,0.141921049,0.392669782,1.040330098,2.648389644,6.497426655,15.39888394,35.31427238,78.40964795,168.3417238,347.9448352,685.9270021,1269.359497,2157.817418,3300.16937,4503.233666,5542.466677,6304.401985,6802.585559,7106.63387
E4,7.66E-26,4.72E-20,1.15E-16,2.91E-14,2.13E-12,7.10E-11,1.38E-09,1.80E-08,1.73E-07,1.31E-06,8.21E-06,4.38E-05,0.000204069,0.000848814,0.003199789,0.011071895,0.035532692,0.106678661,0.301785291,0.809334671,2.068247893,5.058325498,11.88219165,26.88266149,58.67907334,123.6019244,250.7176849,486.9872474,896.3785594,1539.570099,2424.649454,3458.50714,4470.16098,5310.697932,5924.483427,6334.830383,6595.009313,6755.47175,6853.311097,6912.866722
E5,1.59E-23,3.58E-18,4.85E-15,8.08E-13,4.28E-11,1.09E-09,1.70E-08,1.82E-07,1.48E-06,9.65E-06,5.25E-05,0.000246863,0.001024816,0.003828245,0.013057138,0.041142735,0.120922609,0.334152081,0.873954617,2.175545052,5.178710072,11.83427191,26.04186839,55.30405877,113.451769,224.6415784,427.89664,778.717949,1339.309648,2146.947202,3166.728808,4272.787474,5301.26271,6136.507542,6747.895433,7164.965018,7437.594214,7611.812667,7722.085199,7791.781663
E6,2.84E-25,1.40E-19,3.00E-16,6.91E-14,4.70E-12,1.48E-10,2.73E-09,3.41E-08,3.16E-07,2.32E-06,1.40E-05,7.28E-05,0.000330871,0.001343711,0.004953851,0.016787886,0.052832707,0.155717681,0.432887399,1.141838363,2.872213525,6.919094623,16.01772451,35.72661933,76.88651544,159.6173441,318.7701536,608.4164007,1097.225505,1840.209359,2823.377226,3925.335131,4964.136375,5803.317344,6405.660313,6805.21603,7058.245262,7214.750591,7310.678106,7369.449557
E7,1.06E-23,2.33E-18,3.11E-15,5.13E-13,2.69E-11,6.84E-10,1.06E-08,1.13E-07,9.13E-07,5.92E-06,3.22E-05,0.000150645,0.000623604,0.002323371,0.007905005,0.024851443,0.072883859,0.200996614,0.524694347,1.303802711,3.098517964,7.070477589,15.54147836,32.98621074,67.69868602,134.350582,257.2950278,473.1818865,828.5602601,1364.87289,2087.203058,2934.562115,3790.215188,4539.488796,5122.425591,5538.37231,5818.870625,6001.892164,6119.340339,6194.250052
E8,4.09E-24,1.08E-18,1.59E-15,2.83E-13,1.57E-11,4.20E-10,6.74E-09,7.46E-08,6.22E-07,4.15E-06,2.31E-05,0.000110514,0.000467039,0.00177369,0.00614331,0.019637822,0.058502669,0.163737244,0.433445263,1.091442667,2.626817159,6.066927294,13.4910647,28.9564009,60.07778541,120.5036437,233.218358,433.3996527,766.6981444,1275.218341,1966.613377,2783.021071,3609.541766,4332.163219,4891.626969,5288.080112,5553.356762,5725.071709,5834.408966,5903.626201
E9,2.54E-23,4.64E-18,5.55E-15,8.47E-13,4.18E-11,1.01E-09,1.50E-08,1.55E-07,1.21E-06,7.64E-06,4.04E-05,0.000184915,0.000749131,0.002735862,0.009136985,0.028229218,0.081448452,0.22118186,0.569032309,1.394550751,3.270820543,7.370374842,16.00667796,33.58259205,68.15854901,133.8188028,253.6580257,462.0259347,802.1087414,1312.170566,1997.426393,2803.127664,3622.574142,4348.020899,4919.693629,5332.94753,5615.059792,5801.186211,5921.821381,5999.458218
E10,3.81E-27,2.60E-21,6.74E-18,1.78E-15,1.34E-13,4.61E-12,9.14E-11,1.22E-09,1.19E-08,9.19E-08,5.83E-07,3.15E-06,1.49E-05,6.25E-05,0.000238004,0.000831495,0.0026927,0.008153383,0.02325228,0.062840593,0.161784905,0.398576697,0.94328764,2.151695432,4.744047221,10.13331686,21.00534456,42.29387196,82.69606885,156.707163,286.5033323,501.4200805,830.5600743,1284.840476,1835.588318,2412.778896,2936.541869,3356.19738,3662.063734,3871.12116
E11,3.76E-23,5.16E-18,5.22E-15,7.07E-13,3.19E-11,7.16E-10,9.93E-09,9.70E-08,7.24E-07,4.37E-06,2.22E-05,9.81E-05,0.000384695,0.001362593,0.004422882,0.013305485,0.03744098,0.099305045,0.249849715,0.599533525,1.378370464,3.048109121,6.504894427,13.43325627,26.90178642,52.31944598,98.86808145,181.4039073,322.384325,552.3351223,905.7159254,1408.296911,2056.613454,2802.151275,3560.207333,4245.109303,4804.306703,5226.573513,5528.46764,5736.877744
E12,61.07979616,11.92260616,-3.396850881,-29.86961994,-26.1041057,-20.51603275,-0.058952924,24.19477825,22.48431313,-1.983226187,-0.741893489,2.456925387,17.29271935,63.35695664,132.3505601,196.322786,247.3606573,289.835824,307.6607803,291.579502,299.8080017,292.4970088,270.155096,267.884163,290.9837454,297.1530443,291.4362713,300.6320972,345.4134856,337.8575474,344.4669175,346.206444,357.0608397,356.6602089,356.1038926,338.9681043,352.0934331,390.5809742,454.2563597,480.4821077
F1,9.86E-25,3.67E-19,6.65E-16,1.36E-13,8.47E-12,2.47E-10,4.29E-09,5.07E-08,4.48E-07,3.15E-06,1.84E-05,9.20E-05,0.000404564,0.001594257,0.005715071,0.0188663,0.057929013,0.166818802,0.453670583,1.171972341,2.890127879,6.831843078,15.53274921,34.05296406,72.09446593,147.3910107,290.3004896,547.7263204,980.0961019,1639.841887,2526.343786,3547.328006,4544.699281,5381.783322,6004.377382,6430.092848,6706.482042,6880.948522,6989.712259,7057.323652
F2,9.46E-23,1.45E-17,1.56E-14,2.21E-12,1.03E-10,2.39E-09,3.39E-08,3.38E-07,2.57E-06,1.58E-05,8.16E-05,0.000365032,0.001448892,0.00519218,0.017037391,0.05177704,0.147093072,0.393650634,0.998815388,2.415789824,5.594965854,12.45431569,26.72370746,55.38507084,110.9532093,214.6430584,399.6055685,711.1732031,1197.530492,1883.986308,2737.99618,3658.280459,4516.429327,5220.855899,5744.69922,6108.59168,6350.929651,6508.622443,6610.172153,6675.412673
F3,9.03E-26,5.28E-20,1.25E-16,3.09E-14,2.22E-12,7.29E-11,1.40E-09,1.80E-08,1.72E-07,1.30E-06,8.04E-06,4.26E-05,0.000197387,0.000816342,0.003061051,0.01053925,0.033665516,0.100628231,0.283483654,0.757244849,1.927824058,4.697774277,10.99628381,24.79110516,53.91802292,113.1244114,228.3936817,440.9829814,805.2407868,1368.506649,2127.566179,2992.931066,3819.477582,4492.334587,4976.462411,5297.117695,5499.382543,5623.834396,5699.670463,5745.851656
F4,1.22E-15,1.63E-11,4.20E-09,2.16E-07,4.60E-06,5.58E-05,0.000461415,0.002874084,0.014428333,0.061097877,0.225442864,0.742423616,2.222001105,6.128675727,15.74613234,37.98645907,86.49882144,186.3008511,378.7593429,721.6940688,1273.004675,2048.406103,2975.938944,3908.426697,4706.618976,5307.967264,5722.932376,5994.553373,6167.563614,6276.595708,6345.267496,6388.74375,6416.498975,6434.394741,6446.056662,6453.738775,6458.853614,6462.294772,6464.633309,6466.237956
F5,7.35E-15,6.57E-11,1.35E-08,5.88E-07,1.10E-05,0.000120357,0.000910371,0.005253215,0.024652209,0.09828048,0.343379452,1.075821767,3.075353621,8.128518132,20.06785809,46.6231141,102.41787,213.0749828,418.8828872,772.8142238,1323.229987,2076.425286,2962.005777,3848.812152,4614.713424,5202.373256,5617.41609,5895.903809,6077.676811,6194.93158,6270.42148,6319.212474,6350.975156,6371.838526,6385.677501,6394.950112,6401.225903,6405.515487,6408.47563,6410.537254
F6,1.08E-14,9.12E-11,1.81E-08,7.73E-07,1.42E-05,0.000153339,0.001145991,0.006544328,0.030430299,0.120322931,0.417277761,1.298489743,3.688652555,9.692588172,23.79669132,54.98851678,120.1377251,248.4941015,485.3189093,888.4619786,1507.270691,2340.676376,3303.531723,4251.606693,5059.102342,5672.59209,6103.298175,6391.450331,6579.372312,6700.650175,6778.827901,6829.441953,6862.455401,6884.185036,6898.629018,6908.327477,6914.905253,6919.410537,6922.525832,6924.699822
F7,9.85E-21,7.90E-16,5.84E-13,6.33E-11,2.40E-09,4.68E-08,5.77E-07,5.08E-06,3.46E-05,0.000192431,0.000909062,0.003751431,0.013819638,0.0462175,0.142207332,0.406920693,1.09237962,2.770994234,6.681149207,15.38373703,33.94528908,71.92512691,146.3465939,285.1584692,528.6217813,922.201798,1492.921098,2214.145693,2992.873512,3711.073148,4288.82336,4708.043748,4992.065981,5176.86068,5294.64255,5369.130204,5416.238382,5446.167379,5465.317776,5477.675385
F8,1.54E-21,1.73E-16,1.56E-13,1.95E-11,8.24E-10,1.75E-08,2.33E-07,2.19E-06,1.58E-05,9.25E-05,0.00045792,0.001971495,0.007551349,0.026182357,0.083313991,0.246013951,0.680228832,1.774295407,4.392541172,10.37162318,23.44251526,50.83077739,105.7458478,210.4615061,397.9398077,706.3853938,1159.072497,1733.196639,2349.032256,2908.113373,3348.235252,3660.104134,3866.5561,3998.035051,4080.223614,4131.293067,4163.073019,4182.962847,4195.511359,4203.501174
F9,3.12E-19,1.21E-14,5.85E-12,4.70E-10,1.41E-08,2.27E-07,2.38E-06,1.82E-05,0.000109781,0.000547088,0.002339094,0.008812453,0.02985447,0.092390699,0.264468691,0.707308265,1.781887674,4.256870451,9.696041101,21.14675179,44.29577265,89.25767967,172.9675931,321.4286185,569.3447971,952.2625774,1486.919605,2146.39855,2854.29981,3515.899062,4063.469348,4475.903282,4766.914089,4964.06066,5094.648562,5180.274715,5236.292123,5273.033217,5297.26218,5313.352808
F10,120.1769499,85.18678804,30.70424026,27.40513665,2.674604421,-4.901317291,-21.13829634,8.832202889,14.53280632,52.06466168,63.52231016,50.55712427,78.82163007,146.2802879,157.1243614,182.6960558,197.0595373,213.4494549,191.8541635,185.0247277,157.9291096,122.9079959,140.9602102,173.9931224,169.8583187,232.6141153,239.7803801,230.775211,260.5071988,272.7167953,255.8717034,262.0566123,300.2166082,336.3538094,324.3317448,352.8802794,323.8656462,335.2231564,360.4379941,347.8879272
F11,-184.701736,-151.7562173,-117.2958784,-102.5282021,-69.94318147,-24.67700373,-3.505934835,60.81202007,37.31409996,105.1915182,147.0766609,127.9939319,122.4499085,100.0753586,80.04950837,71.74348702,64.53352547,128.234264,109.9544625,189.8976421,205.4991978,209.9835754,209.781478,214.0765031,189.7010068,159.5812104,135.080086,121.6051049,146.3793339,187.3887212,229.1008977,261.9298918,267.3792389,322.3133197,305.7886704,333.3139731,412.876627,523.9300624,664.6554027,785.4513897
F12,-62.11928078,-53.58203086,-65.42202579,-84.96903263,-57.47286112,-4.66717561,5.892869072,35.30805561,20.93911205,30.57424247,84.9530105,68.29545036,38.75463571,2.515475471,41.64408242,52.59557703,45.28547713,117.9458673,109.0808919,120.4693539,119.3823976,166.0832848,191.9317252,197.6104803,245.1215779,237.197903,243.7287444,260.0658618,234.6216162,214.6904422,189.7996886,219.5899388,218.7032592,257.5205269,323.0692732,346.7237733,360.4554728,367.703669,368.4119202,339.6303364
G1,6.77E-24,1.43E-18,1.85E-15,3.00E-13,1.55E-11,3.90E-10,5.96E-09,6.32E-08,5.07E-07,3.27E-06,1.76E-05,8.22E-05,0.0003385,0.001255185,0.004251798,0.01331152,0.038888651,0.10685501,0.277984055,0.688534434,1.631447134,3.712889334,8.143570003,17.26164714,35.43367489,70.52541677,136.1091646,254.2880916,458.0602255,790.0162056,1291.505689,1977.990429,2810.314613,3691.309055,4506.014008,5175.26737,5676.681544,6028.994072,6266.725145,6423.5157
G2,3.69E-28,5.83E-22,2.47E-18,9.22E-16,9.12E-14,3.90E-12,9.32E-11,1.46E-09,1.65E-08,1.44E-07,1.03E-06,6.16E-06,3.20E-05,0.000147274,0.00060972,0.002303029,0.008025388,0.026039557,0.079278287,0.227961474,0.622539875,1.622301867,4.050485391,9.721882604,22.49015075,50.22683065,108.3023196,224.9661498,447.4561598,842.5187984,1476.030747,2358.506401,3389.111653,4383.644156,5189.787714,5760.891978,6130.903992,6358.561229,6495.093778,6576.208418
G3,8.01E-26,4.18E-20,9.23E-17,2.18E-14,1.51E-12,4.81E-11,8.99E-10,1.14E-08,1.06E-07,7.87E-07,4.81E-06,2.51E-05,0.000114738,0.000468763,0.001737839,0.005920056,0.018722322,0.055437383,0.154790998,0.41001517,1.035585993,2.504943128,5.82425391,13.05698119,28.29013174,59.32942276,120.4672041,236.4569688,446.7370983,805.8933451,1371.311078,2168.740153,3147.627297,4174.721596,5097.812676,5824.674712,6343.317697,6690.101257,6913.280838,7054.136402
G4,1.31E-24,4.97E-19,9.13E-16,1.89E-13,1.18E-11,3.47E-10,6.04E-09,7.17E-08,6.37E-07,4.49E-06,2.63E-05,0.000131692,0.000580605,0.002293122,0.00823756,0.027246645,0.083814567,0.241778627,0.658593523,1.703921728,4.207692231,9.957889459,22.65788305,49.67820937,105.0459616,213.9658992,418.0301144,776.6835644,1353.958947,2178.229179,3189.356851,4234.955701,5151.126747,5850.680745,6334.539717,6648.961359,6846.323087,6968.231841,7043.187961,7089.37265
G5,5.27E-25,2.39E-19,4.88E-16,1.09E-13,7.21E-12,2.22E-10,4.02E-09,4.94E-08,4.52E-07,3.27E-06,1.96E-05,0.000100691,0.000453182,0.001824388,0.006671345,0.022436453,0.070105057,0.20523419,0.566902659,1.486267913,3.716932704,8.903960747,20.49991723,45.47224457,97.29259082,200.6600263,397.5279198,750.7560644,1334.686058,2196.925527,3296.384788,4478.59538,5549.688814,6387.397704,6975.099194,7359.439447,7600.942583,7749.788673,7840.936177,7896.813444
G6,1.73E-24,6.11E-19,1.08E-15,2.16E-13,1.32E-11,3.80E-10,6.51E-09,7.62E-08,6.68E-07,4.66E-06,2.70E-05,0.000134113,0.000586317,0.002297696,0.00819428,0.026920048,0.082283384,0.235939094,0.639047247,1.644495122,4.040412628,9.516783621,21.56066541,47.09688682,99.31748994,202.1031784,395.6760609,740.363584,1309.324551,2155.931404,3256.256403,4475.23148,5620.464045,6549.824644,7223.742928,7676.756229,7967.806831,8150.454455,8263.989738,8334.49287
G7,3.92E-19,2.10E-14,1.23E-11,1.12E-09,3.75E-08,6.57E-07,7.40E-06,6.02E-05,0.000383222,0.002005571,0.008963132,0.035161239,0.123629567,0.395984938,1.170308745,3.22430298,8.348999735,20.44795676,47.57900477,105.4041893,222.0808545,442.5296447,824.600276,1413.573812,2192.856214,3054.524744,3848.680765,4474.377725,4913.704857,5200.390478,5380.06408,5490.627645,5558.33887,5599.931311,5625.6667,5641.742419,5651.890401,5658.366505,5662.544485,5665.268706
G8,6.49E-17,1.06E-12,3.09E-10,1.73E-08,3.93E-07,5.04E-06,4.36E-05,0.000282518,0.001468652,0.006416365,0.024354162,0.082302902,0.252286504,0.711673705,1.868648099,4.608766401,10.75481652,23.88027342,50.66117118,102.9299611,200.328504,372.5584692,658.235664,1094.922635,1696.595966,2427.981569,3202.577726,3919.356168,4509.591136,4954.053711,5268.827083,5483.468177,5626.844306,5721.763946,5784.510291,5826.116701,5853.865536,5872.507951,5885.134203,5893.758199
G9,6.77E-17,1.10E-12,3.19E-10,1.78E-08,4.04E-07,5.17E-06,4.47E-05,0.000289056,0.001500988,0.006551177,0.024843704,0.083888937,0.256955464,0.724339423,1.900659877,4.684787021,10.92548324,24.24375561,51.3955712,104.3300167,202.8104261,376.5222571,663.5531557,1099.804237,1696.129719,2413.873225,3165.760566,3854.196222,4415.967021,4836.034968,5132.044665,5333.211776,5467.296546,5555.946118,5614.501332,5653.311843,5679.190756,5696.575966,5708.35121,5716.394763
G10,5.20E-25,1.44E-19,2.21E-16,4.01E-14,2.27E-12,6.14E-11,9.97E-10,1.12E-08,9.39E-08,6.31E-07,3.54E-06,1.71E-05,7.26E-05,0.000277249,0.000965472,0.003101883,0.009284763,0.026103056,0.069395379,0.175459123,0.423979696,0.983213833,2.195989147,4.738004384,9.899324574,20.06545534,39.4971743,75.49402126,139.8777165,250.2406313,429.3173935,699.4596771,1069.882748,1521.311165,2003.035315,2452.939416,2826.279509,3108.560959,3308.413227,3444.074794
G11,1.38E-28,2.25E-22,9.70E-19,3.68E-16,3.68E-14,1.59E-12,3.82E-11,6.02E-10,6.85E-09,6.03E-08,4.31E-07,2.60E-06,1.36E-05,6.26E-05,0.000259882,0.00098476,0.003441908,0.011199396,0.03418832,0.098557689,0.269807988,0.704767303,1.763771441,4.243798164,9.845141597,22.0680468,47.84757946,100.3023161,202.6901723,392.1684543,717.8397125,1222.008781,1899.524274,2665.708054,3388.03133,3966.624499,4375.90502,4642.574579,4808.234904,4908.72487
G12,6.59E-15,4.49E-11,7.85E-09,3.06E-07,5.24E-06,5.35E-05,0.000380711,0.002084914,0.009342947,0.035741686,0.120303015,0.364303812,1.009405769,2.592629674,6.235833264,14.15570859,30.50478709,62.6366736,122.7247072,229.1328525,405.7897982,676.424739,1051.38578,1512.002799,2007.644629,2475.601198,2869.585944,3172.937347,3392.340501,3544.879464,3648.606833,3718.426349,3765.309072,3796.86718,3818.224091,3832.779437,3842.778305,3849.704585,3854.54316,3857.95173
H1,1.01E-21,1.24E-16,1.18E-13,1.52E-11,6.61E-10,1.44E-08,1.95E-07,1.86E-06,1.36E-05,8.09E-05,0.000405032,0.001762698,0.006818902,0.023860945,0.076579513,0.227948173,0.635063178,1.668482334,4.159669578,9.891516222,22.52820687,49.29173721,103.788926,210.2827483,408.8151968,757.7572079,1324.817902,2154.295783,3214.950497,4375.560997,5459.597869,6340.456708,6983.875952,7421.299505,7706.173598,7887.594176,8002.096718,8074.306809,8120.028555,8149.173675
H2,8.75E-22,1.08E-16,1.03E-13,1.33E-11,5.79E-10,1.26E-08,1.71E-07,1.64E-06,1.20E-05,7.13E-05,0.000357429,0.001556814,0.006027021,0.021104775,0.067778096,0.201872776,0.562737881,1.479248728,3.689684098,8.777627399,19.99776586,43.76150594,92.12762766,186.5104706,361.9366572,668.5030015,1161.805789,1872.489993,2762.663551,3713.424736,4580.089059,5269.517932,5764.887425,6097.739187,6312.804069,6449.057686,6534.762362,6588.690818,6622.785884,6644.497067
H3,4.72E-23,1.08E-17,1.47E-14,2.47E-12,1.31E-10,3.37E-09,5.25E-08,5.65E-07,4.60E-06,3.00E-05,0.000163938,0.000771741,0.003209082,0.012006076,0.04100805,0.129387386,0.380752741,1.053344844,2.757670378,6.869728845,16.35688893,37.3512008,81.97261673,172.9513436,349.9637762,674.8402233,1226.021031,2065.266571,3173.477494,4408.813973,5564.822138,6491.861532,7153.348715,7590.422359,7866.6609,8037.457062,8142.237588,8206.554737,8246.243992,8270.928806
H4,1.94E-16,3.65E-12,1.15E-09,6.86E-08,1.63E-06,2.17E-05,0.000193793,0.001290462,0.006871345,0.03067152,0.118700216,0.408304882,1.272093941,3.642397409,9.694852833,24.20087803,57.03259539,127.4256249,270.2860462,542.9627165,1025.536472,1799.153267,2889.162585,4201.321886,5533.262569,6685.690762,7562.461941,8172.179059,8573.463747,8829.957169,8991.914035,9093.996961,9158.61758,9199.838032,9226.380169,9243.646002,9254.99552,9262.53394,9267.592145,9271.019716
H5,2.62E-16,4.60E-12,1.40E-09,8.07E-08,1.87E-06,2.45E-05,0.000215418,0.001415547,0.007449637,0.032906315,0.126147746,0.430183327,1.32961683,3.779030669,9.988972672,24.77116215,58.00367217,128.7621659,271.2605317,540.7356517,1012.019241,1755.978197,2784.315318,3995.910244,5200.288519,6224.401723,6994.07924,7525.452098,7873.983356,8096.57404,8237.232108,8326.040939,8382.383352,8418.412584,8441.672632,8456.84361,8466.842538,8473.501303,8477.980792,8481.023885
H6,1.49E-15,1.83E-11,4.50E-09,2.24E-07,4.65E-06,5.53E-05,0.00044928,0.002756266,0.013652532,0.057123358,0.208504089,0.67989134,2.016557437,5.516546545,14.07052417,33.74068097,76.5279158,164.769387,336.9888172,652.6813897,1188.134338,2009.524387,3118.405874,4405.773757,5681.215045,6774.082281,7608.34252,8195.839786,8589.450288,8846.167007,9011.681317,9118.186547,9186.97754,9231.720141,9261.075787,9280.520621,9293.528001,9302.315091,9308.308722,9312.435423
H7,1.29E-16,2.77E-12,9.50E-10,5.97E-08,1.48E-06,2.04E-05,0.000188013,0.00128502,0.007001449,0.03190141,0.125777245,0.440053523,1.39255584,4.045104942,10.91053029,27.56709754,65.66170699,147.9623287,315.4282987,633.0981707,1183.704819,2029.828374,3143.725482,4369.273446,5495.528366,6383.147542,7008.556211,7419.121046,7678.431377,7839.430395,7938.996235,8000.79434,8039.450699,8063.872258,8079.469697,8089.543551,8096.122794,8100.466731,8103.365162,8105.318775
H8,2.33E-15,2.65E-11,6.26E-09,3.02E-07,6.11E-06,7.12E-05,0.000568531,0.003436939,0.016804691,0.069501044,0.251033427,0.810752565,2.38348829,6.466651429,16.36494334,38.94315136,87.63801715,187.072012,378.6736488,723.6836697,1293.996779,2137.855365,3225.124389,4421.646981,5545.683419,6465.739066,7144.233801,7611.010942,7919.286577,8118.751321,8246.868955,8329.216911,8382.430908,8417.092782,8439.880971,8455.011502,8465.158802,8472.031947,8476.732668,8479.977863
H9,3.79E-17,1.07E-12,4.30E-10,3.02E-08,8.20E-07,1.21E-05,0.000118674,0.00085477,0.004877658,0.023163266,0.09480815,0.343234127,1.120876888,3.352282067,9.291524793,24.08670845,58.79149248,135.6477257,295.9704518,607.9668402,1163.245809,2039.353985,3220.16227,4541.308302,5764.296066,6726.181411,7397.953012,7833.430819,8104.618419,8270.587163,8371.792847,8433.764035,8472.028947,8495.904337,8510.97174,8520.591795,8526.80512,8530.863484,8533.543203,8535.331139
H10,4.71E-25,1.21E-19,1.77E-16,3.12E-14,1.72E-12,4.57E-11,7.30E-10,8.05E-09,6.69E-08,4.44E-07,2.46E-06,1.18E-05,4.96E-05,0.000188002,0.000649739,0.00207273,0.006163023,0.017218137,0.045503687,0.114406318,0.274983418,0.63449292,1.410491981,3.030266339,6.308159407,12.75226667,25.07692824,48.02247219,89.58479277,162.6664184,286.8238942,488.9588218,800.4021817,1246.909523,1830.988354,2515.718211,3227.796601,3886.013322,4434.533006,4855.643777
H11,1.15E-23,1.86E-18,2.06E-15,2.99E-13,1.42E-11,3.32E-10,4.78E-09,4.81E-08,3.69E-07,2.28E-06,1.19E-05,5.34E-05,0.000213396,0.000768887,0.002535804,0.007742992,0.02209537,0.059382063,0.151281519,0.367343213,0.854159361,1.909494651,4.118049054,8.592369529,17.38671909,34.18244597,65.3703454,121.6423219,220.0536468,386.0211536,653.592313,1060.608376,1634.782718,2371.62483,3217.712129,4080.091419,4863.72064,5508.570487,5999.79146,6354.049149
H12,9.86E-13,2.94E-09,3.17E-07,8.77E-06,0.000115299,0.000945752,0.005604159,0.026174672,0.101930353,0.343906468,1.033143489,2.819633421,7.097290651,16.66551637,36.81733195,76.97214419,152.7747687,287.9563487,513.8966887,863.0973773,1353.36591,1967.349206,2644.884299,3303.535326,3875.138882,4328.152149,4664.466229,4903.73647,5069.785034,5183.609983,5261.32908,5314.468849,5350.972174,5376.212827,5393.799546,5406.153622,5414.904576,5421.154987,5425.655934,5428.922898
